photo_id;species;marked;inat_url;latitude;longitude;month
372064822;Asclepias syriaca;1;https://www.inaturalist.org/photos/372064822;45.53999999999999;-73.57;4
281152001;Asclepias syriaca;1;https://www.inaturalist.org/photos/281152001;45.50999999999999;-73.48;5
281151978;Asclepias syriaca;1;https://www.inaturalist.org/photos/281151978;45.50999999999999;-73.48;5
128745822;Asclepias syriaca;1;https://www.inaturalist.org/photos/128745822;45.50999999999999;-73.76;5
384287741;Asclepias syriaca;1;https://www.inaturalist.org/photos/384287741;45.47;-74.07;5
41942234;Asclepias syriaca;1;https://www.inaturalist.org/photos/41942234;45.53999999999999;-73.55;6
278804853;Asclepias syriaca;1;https://www.inaturalist.org/photos/278804853;45.44999999999999;-73.65;5
281152023;Asclepias syriaca;1;https://www.inaturalist.org/photos/281152023;45.50999999999999;-73.48;5
41883685;Asclepias syriaca;1;https://www.inaturalist.org/photos/41883685;45.53999999999999;-73.55;6
41923057;Asclepias syriaca;1;https://www.inaturalist.org/photos/41923057;45.53999999999999;-73.55;6
383457180;Asclepias syriaca;1;https://www.inaturalist.org/photos/383457180;45.44;-73.81;5
283348365;Asclepias syriaca;1;https://www.inaturalist.org/photos/283348365;45.139999999999986;-71.8;5
288147737;Asclepias syriaca;0;https://www.inaturalist.org/photos/288147737;45.629999999999995;-73.81;6
384043206;Asclepias syriaca;0;https://www.inaturalist.org/photos/384043206;45.629999999999995;-73.8;5
198610912;Asclepias syriaca;0;https://www.inaturalist.org/photos/198610912;45.47999999999999;-73.75;5
433061953;Asclepias syriaca;1;https://www.inaturalist.org/photos/433061953;45.52000000000001;-73.67;9
281430227;Asclepias syriaca;0;https://www.inaturalist.org/photos/281430227;45.31;-73.25;5
78857498;Asclepias syriaca;0;https://www.inaturalist.org/photos/78857498;45.629999999999995;-73.58;6
383249956;Asclepias syriaca;1;https://www.inaturalist.org/photos/383249956;45.629999999999995;-73.8;5
41923037;Asclepias syriaca;1;https://www.inaturalist.org/photos/41923037;45.53999999999999;-73.55;6
282643012;Asclepias syriaca;1;https://www.inaturalist.org/photos/282643012;45.629999999999995;-73.81;5
128745802;Asclepias syriaca;0;https://www.inaturalist.org/photos/128745802;45.50999999999999;-73.76;5
281760524;Asclepias syriaca;1;https://www.inaturalist.org/photos/281760524;45.5;-73.59;5
384912001;Asclepias syriaca;0;https://www.inaturalist.org/photos/384912001;45.47999999999999;-73.77;5
42741514;Asclepias syriaca;0;https://www.inaturalist.org/photos/42741514;45.41;-71.94;6
149274751;Asclepias syriaca;1;https://www.inaturalist.org/photos/149274751;45.47;-73.77;8
78956588;Asclepias syriaca;0;https://www.inaturalist.org/photos/78956588;45.53999999999999;-73.44;6
285093938;Asclepias syriaca;1;https://www.inaturalist.org/photos/285093938;45.620000000000005;-73.44;5
389133461;Asclepias syriaca;0;https://www.inaturalist.org/photos/389133461;45.53999999999999;-73.86;6
284729454;Asclepias syriaca;1;https://www.inaturalist.org/photos/284729454;45.629999999999995;-73.81;5
79623756;Asclepias syriaca;1;https://www.inaturalist.org/photos/79623756;45.41999999999999;-73.45;6
389147730;Asclepias syriaca;0;https://www.inaturalist.org/photos/389147730;45.900000000000006;-74.24;6
389242755;Asclepias syriaca;0;https://www.inaturalist.org/photos/389242755;45.56;-73.54;6
149274853;Asclepias syriaca;0;https://www.inaturalist.org/photos/149274853;45.47;-73.77;8
385899991;Asclepias syriaca;0;https://www.inaturalist.org/photos/385899991;45.150000000000006;-72.05;5
138800247;Asclepias syriaca;0;https://www.inaturalist.org/photos/138800247;45.72;-73.49;6
278804882;Asclepias syriaca;1;https://www.inaturalist.org/photos/278804882;45.44999999999999;-73.65;5
286456237;Asclepias syriaca;1;https://www.inaturalist.org/photos/286456237;45.639999999999986;-73.81;6
284728994;Asclepias syriaca;0;https://www.inaturalist.org/photos/284728994;45.629999999999995;-73.8;5
290646828;Asclepias syriaca;0;https://www.inaturalist.org/photos/290646828;45.96000000000001;-73.48;6
148439947;Asclepias syriaca;1;https://www.inaturalist.org/photos/148439947;45.47;-73.78;8
148439439;Asclepias syriaca;1;https://www.inaturalist.org/photos/148439439;45.47;-73.78;8
286457727;Asclepias syriaca;1;https://www.inaturalist.org/photos/286457727;45.639999999999986;-73.81;6
149270669;Asclepias syriaca;0;https://www.inaturalist.org/photos/149270669;45.47999999999999;-73.77;8
323661259;Asclepias syriaca;0;https://www.inaturalist.org/photos/323661259;45.46000000000001;-73.56;9
286409843;Asclepias syriaca;0;https://www.inaturalist.org/photos/286409843;45.47999999999999;-73.77;6
286361370;Asclepias syriaca;1;https://www.inaturalist.org/photos/286361370;45.629999999999995;-73.81;6
285193204;Asclepias syriaca;0;https://www.inaturalist.org/photos/285193204;45.69999999999999;-74.19;5
148442662;Asclepias syriaca;1;https://www.inaturalist.org/photos/148442662;45.47;-73.78;8
93433603;Asclepias syriaca;0;https://www.inaturalist.org/photos/93433603;46.09;-74.29;8
280795980;Asclepias syriaca;1;https://www.inaturalist.org/photos/280795980;45.56;-73.62;5
149267962;Asclepias syriaca;0;https://www.inaturalist.org/photos/149267962;45.47999999999999;-73.77;8
383610552;Asclepias syriaca;1;https://www.inaturalist.org/photos/383610552;45.629999999999995;-73.81;5
149275779;Asclepias syriaca;0;https://www.inaturalist.org/photos/149275779;45.47;-73.77;8
285193668;Asclepias syriaca;1;https://www.inaturalist.org/photos/285193668;45.72999999999999;-74.17;5
149274827;Asclepias syriaca;0;https://www.inaturalist.org/photos/149274827;45.47;-73.77;8
51997129;Asclepias syriaca;0;https://www.inaturalist.org/photos/51997129;45.120000000000005;-74.11;9
385379399;Asclepias syriaca;0;https://www.inaturalist.org/photos/385379399;45.629999999999995;-73.8;5
196287601;Asclepias syriaca;1;https://www.inaturalist.org/photos/196287601;45.47;-73.84;5
283348906;Asclepias syriaca;0;https://www.inaturalist.org/photos/283348906;45.139999999999986;-71.8;5
149274842;Asclepias syriaca;0;https://www.inaturalist.org/photos/149274842;45.47;-73.77;8
199741203;Asclepias syriaca;0;https://www.inaturalist.org/photos/199741203;45.58000000000001;-73.82;5
199741113;Asclepias syriaca;0;https://www.inaturalist.org/photos/199741113;45.58000000000001;-73.82;5
286362997;Asclepias syriaca;0;https://www.inaturalist.org/photos/286362997;45.629999999999995;-73.81;6
202510523;Asclepias syriaca;0;https://www.inaturalist.org/photos/202510523;45.389999999999986;-73.76;6
148438662;Asclepias syriaca;0;https://www.inaturalist.org/photos/148438662;45.47;-73.78;8
148439634;Asclepias syriaca;1;https://www.inaturalist.org/photos/148439634;45.47;-73.78;8
384912088;Asclepias syriaca;0;https://www.inaturalist.org/photos/384912088;45.47999999999999;-73.77;5
149274782;Asclepias syriaca;0;https://www.inaturalist.org/photos/149274782;45.47;-73.77;8
290131168;Asclepias syriaca;0;https://www.inaturalist.org/photos/290131168;45.31;-72.17;6
148441467;Asclepias syriaca;0;https://www.inaturalist.org/photos/148441467;45.47;-73.78;8
287854880;Asclepias syriaca;0;https://www.inaturalist.org/photos/287854880;45.629999999999995;-73.81;6
201898293;Asclepias syriaca;0;https://www.inaturalist.org/photos/201898293;46.03999999999999;-73.69;5
287853288;Asclepias syriaca;0;https://www.inaturalist.org/photos/287853288;45.629999999999995;-73.81;6
388322153;Asclepias syriaca;0;https://www.inaturalist.org/photos/388322153;45.50999999999999;-73.76;5
286453270;Asclepias syriaca;0;https://www.inaturalist.org/photos/286453270;45.629999999999995;-73.81;6
149269044;Asclepias syriaca;0;https://www.inaturalist.org/photos/149269044;45.47999999999999;-73.77;8
77488691;Asclepias syriaca;0;https://www.inaturalist.org/photos/77488691;45.639999999999986;-73.34;6
286455841;Asclepias syriaca;1;https://www.inaturalist.org/photos/286455841;45.629999999999995;-73.81;6
149275334;Asclepias syriaca;0;https://www.inaturalist.org/photos/149275334;45.47;-73.77;8
287856658;Asclepias syriaca;0;https://www.inaturalist.org/photos/287856658;45.629999999999995;-73.81;6
281614122;Asclepias syriaca;0;https://www.inaturalist.org/photos/281614122;45.52000000000001;-73.6;5
148441437;Asclepias syriaca;0;https://www.inaturalist.org/photos/148441437;45.47;-73.78;8
161705789;Asclepias syriaca;0;https://www.inaturalist.org/photos/161705789;45.49000000000001;-73.56;10
427767489;Asclepias syriaca;0;https://www.inaturalist.org/photos/427767489;45.610000000000014;-73.49;9
74775323;Asclepias syriaca;0;https://www.inaturalist.org/photos/74775323;45.41;-73.45;5
130049897;Asclepias syriaca;1;https://www.inaturalist.org/photos/130049897;45.5;-73.59;5
149265808;Asclepias syriaca;0;https://www.inaturalist.org/photos/149265808;45.47999999999999;-73.77;8
148441820;Asclepias syriaca;0;https://www.inaturalist.org/photos/148441820;45.47;-73.78;8
147526496;Asclepias syriaca;0;https://www.inaturalist.org/photos/147526496;45.55000000000001;-73.89;7
199221885;Asclepias syriaca;0;https://www.inaturalist.org/photos/199221885;45.44999999999999;-73.55;5
149280425;Asclepias syriaca;0;https://www.inaturalist.org/photos/149280425;45.47999999999999;-73.78;8
430546135;Asclepias syriaca;0;https://www.inaturalist.org/photos/430546135;45.53999999999999;-73.56;9
287860370;Asclepias syriaca;0;https://www.inaturalist.org/photos/287860370;45.629999999999995;-73.81;6
131801971;Asclepias syriaca;0;https://www.inaturalist.org/photos/131801971;45.379999999999995;-74.05;5
382664898;Asclepias syriaca;1;https://www.inaturalist.org/photos/382664898;45.66999999999999;-73.77;5
389242693;Asclepias syriaca;0;https://www.inaturalist.org/photos/389242693;45.56;-73.54;6
137911976;Asclepias syriaca;0;https://www.inaturalist.org/photos/137911976;45.599999999999994;-73.18;6
285696305;Asclepias syriaca;0;https://www.inaturalist.org/photos/285696305;45.629999999999995;-73.8;6
286360940;Asclepias syriaca;0;https://www.inaturalist.org/photos/286360940;45.629999999999995;-73.81;6
286453898;Asclepias syriaca;0;https://www.inaturalist.org/photos/286453898;45.629999999999995;-73.81;6
415887240;Asclepias syriaca;0;https://www.inaturalist.org/photos/415887240;45.400000000000006;-72.72;8
393345830;Asclepias syriaca;0;https://www.inaturalist.org/photos/393345830;45.55000000000001;-73.54;6
286453425;Asclepias syriaca;0;https://www.inaturalist.org/photos/286453425;45.629999999999995;-73.81;6
148439489;Asclepias syriaca;1;https://www.inaturalist.org/photos/148439489;45.47;-73.78;8
148441485;Asclepias syriaca;0;https://www.inaturalist.org/photos/148441485;45.47;-73.78;8
149265240;Asclepias syriaca;1;https://www.inaturalist.org/photos/149265240;45.47999999999999;-73.77;8
286451608;Asclepias syriaca;0;https://www.inaturalist.org/photos/286451608;45.629999999999995;-73.81;6
286465132;Asclepias syriaca;0;https://www.inaturalist.org/photos/286465132;45.639999999999986;-73.81;6
128745841;Asclepias syriaca;1;https://www.inaturalist.org/photos/128745841;45.50999999999999;-73.76;5
397182246;Asclepias syriaca;1;https://www.inaturalist.org/photos/397182246;45.41;-72.75;6
149278857;Asclepias syriaca;0;https://www.inaturalist.org/photos/149278857;45.47;-73.78;8
131802019;Asclepias syriaca;0;https://www.inaturalist.org/photos/131802019;45.379999999999995;-74.05;5
149265157;Asclepias syriaca;1;https://www.inaturalist.org/photos/149265157;45.47999999999999;-73.77;8
149268195;Asclepias syriaca;0;https://www.inaturalist.org/photos/149268195;45.47999999999999;-73.77;8
383698140;Asclepias syriaca;0;https://www.inaturalist.org/photos/383698140;45.47;-73.62;5
148442671;Asclepias syriaca;0;https://www.inaturalist.org/photos/148442671;45.47;-73.78;8
285705940;Asclepias syriaca;0;https://www.inaturalist.org/photos/285705940;45.629999999999995;-73.81;6
389241526;Asclepias syriaca;0;https://www.inaturalist.org/photos/389241526;45.56999999999999;-73.54;6
391649336;Asclepias syriaca;0;https://www.inaturalist.org/photos/391649336;45.56;-73.54;6
389256126;Asclepias syriaca;0;https://www.inaturalist.org/photos/389256126;45.56;-73.54;6
286455975;Asclepias syriaca;0;https://www.inaturalist.org/photos/286455975;45.639999999999986;-73.81;6
201736625;Asclepias syriaca;0;https://www.inaturalist.org/photos/201736625;45.71000000000001;-73.68;5
280609903;Asclepias syriaca;0;https://www.inaturalist.org/photos/280609903;45.09;-73.14;5
218566196;Asclepias syriaca;0;https://www.inaturalist.org/photos/218566196;45.59;-72.47;7
84255820;Asclepias syriaca;0;https://www.inaturalist.org/photos/84255820;45.5;-73.88;7
92716029;Asclepias syriaca;0;https://www.inaturalist.org/photos/92716029;45.46000000000001;-74.13;8
283560145;Asclepias syriaca;0;https://www.inaturalist.org/photos/283560145;45.629999999999995;-73.8;5
390960374;Asclepias syriaca;0;https://www.inaturalist.org/photos/390960374;45.55000000000001;-73.54;6
286363607;Asclepias syriaca;0;https://www.inaturalist.org/photos/286363607;45.629999999999995;-73.81;6
151236998;Asclepias syriaca;0;https://www.inaturalist.org/photos/151236998;45.52000000000001;-73.68;8
283819750;Asclepias syriaca;0;https://www.inaturalist.org/photos/283819750;45.47;-73.61;5
149275164;Asclepias syriaca;0;https://www.inaturalist.org/photos/149275164;45.47;-73.77;8
149274212;Asclepias syriaca;0;https://www.inaturalist.org/photos/149274212;45.47;-73.77;8
137911917;Asclepias syriaca;0;https://www.inaturalist.org/photos/137911917;45.599999999999994;-73.18;6
393600520;Asclepias syriaca;0;https://www.inaturalist.org/photos/393600520;45.55000000000001;-73.55;6
148442652;Asclepias syriaca;0;https://www.inaturalist.org/photos/148442652;45.47;-73.78;8
147294530;Asclepias syriaca;0;https://www.inaturalist.org/photos/147294530;45.78;-73.68;7
201353366;Asclepias syriaca;0;https://www.inaturalist.org/photos/201353366;45.389999999999986;-71.91;5
148442683;Asclepias syriaca;0;https://www.inaturalist.org/photos/148442683;45.47;-73.78;8
243353301;Asclepias syriaca;0;https://www.inaturalist.org/photos/243353301;45.56;-73.53;7
78857517;Asclepias syriaca;0;https://www.inaturalist.org/photos/78857517;45.629999999999995;-73.58;6
41883679;Asclepias syriaca;0;https://www.inaturalist.org/photos/41883679;45.53999999999999;-73.55;6
286456717;Asclepias syriaca;0;https://www.inaturalist.org/photos/286456717;45.639999999999986;-73.81;6
155496805;Asclepias syriaca;0;https://www.inaturalist.org/photos/155496805;45.49000000000001;-73.5;8
280609884;Asclepias syriaca;0;https://www.inaturalist.org/photos/280609884;45.09;-73.14;5
148441476;Asclepias syriaca;0;https://www.inaturalist.org/photos/148441476;45.47;-73.78;8
285699642;Asclepias syriaca;0;https://www.inaturalist.org/photos/285699642;45.629999999999995;-73.8;6
78139701;Asclepias syriaca;0;https://www.inaturalist.org/photos/78139701;45.44;-73.6;6
318661338;Asclepias syriaca;0;https://www.inaturalist.org/photos/318661338;45.43000000000001;-73.59;9
149262281;Asclepias syriaca;0;https://www.inaturalist.org/photos/149262281;45.47999999999999;-73.77;8
148439973;Asclepias syriaca;0;https://www.inaturalist.org/photos/148439973;45.47;-73.78;8
393345894;Asclepias syriaca;1;https://www.inaturalist.org/photos/393345894;45.55000000000001;-73.54;6
149274761;Asclepias syriaca;0;https://www.inaturalist.org/photos/149274761;45.47;-73.77;8
136778699;Asclepias syriaca;0;https://www.inaturalist.org/photos/136778699;45.56;-73.55;6
411846425;Asclepias syriaca;0;https://www.inaturalist.org/photos/411846425;45.47999999999999;-73.77;7
411846425;Asclepias syriaca;0;https://www.inaturalist.org/photos/411846425;45.47999999999999;-73.77;7
148440295;Asclepias syriaca;0;https://www.inaturalist.org/photos/148440295;45.47;-73.78;8
345442458;Asclepias syriaca;0;https://www.inaturalist.org/photos/345442458;45.44999999999999;-73.57;6
148438464;Asclepias syriaca;0;https://www.inaturalist.org/photos/148438464;45.47;-73.78;8
420154782;Asclepias syriaca;0;https://www.inaturalist.org/photos/420154782;45.44999999999999;-73.57;8
386981584;Asclepias syriaca;0;https://www.inaturalist.org/photos/386981584;45.41;-71.88;5
148439504;Asclepias syriaca;1;https://www.inaturalist.org/photos/148439504;45.47;-73.78;8
285695962;Asclepias syriaca;0;https://www.inaturalist.org/photos/285695962;45.629999999999995;-73.8;6
384043207;Asclepias syriaca;0;https://www.inaturalist.org/photos/384043207;45.629999999999995;-73.81;5
198417536;Asclepias syriaca;0;https://www.inaturalist.org/photos/198417536;45.56999999999999;-73.54;5
149263544;Asclepias syriaca;0;https://www.inaturalist.org/photos/149263544;45.47999999999999;-73.77;8
284729869;Asclepias syriaca;0;https://www.inaturalist.org/photos/284729869;45.629999999999995;-73.8;5
216188553;Asclepias syriaca;0;https://www.inaturalist.org/photos/216188553;45.47999999999999;-73.77;7
148442828;Asclepias syriaca;0;https://www.inaturalist.org/photos/148442828;45.47;-73.78;8
304859146;Asclepias syriaca;0;https://www.inaturalist.org/photos/304859146;45.41999999999999;-71.93;7
216187917;Asclepias syriaca;0;https://www.inaturalist.org/photos/216187917;45.47999999999999;-73.77;7
86290460;Asclepias syriaca;1;https://www.inaturalist.org/photos/86290460;45.55000000000001;-74.45;7
198610670;Asclepias syriaca;1;https://www.inaturalist.org/photos/198610670;45.47999999999999;-73.75;5
148441481;Asclepias syriaca;0;https://www.inaturalist.org/photos/148441481;45.47;-73.78;8
201110859;Asclepias syriaca;0;https://www.inaturalist.org/photos/201110859;45.52000000000001;-73.56;5
320440777;Asclepias syriaca;0;https://www.inaturalist.org/photos/320440777;45.41;-73.59;9
76270316;Asclepias syriaca;0;https://www.inaturalist.org/photos/76270316;45.69;-73.52;5
282642185;Asclepias syriaca;0;https://www.inaturalist.org/photos/282642185;45.629999999999995;-73.81;5
149269031;Asclepias syriaca;0;https://www.inaturalist.org/photos/149269031;45.47999999999999;-73.77;8
320440755;Asclepias syriaca;0;https://www.inaturalist.org/photos/320440755;45.41;-73.59;9
422952237;Asclepias syriaca;0;https://www.inaturalist.org/photos/422952237;45.55000000000001;-73.54;8
286467008;Asclepias syriaca;0;https://www.inaturalist.org/photos/286467008;45.629999999999995;-73.81;6
385351331;Asclepias syriaca;0;https://www.inaturalist.org/photos/385351331;45.56;-73.53;5
286359220;Asclepias syriaca;0;https://www.inaturalist.org/photos/286359220;45.629999999999995;-73.8;6
200351366;Asclepias syriaca;0;https://www.inaturalist.org/photos/200351366;45.50999999999999;-73.48;5
149267933;Asclepias syriaca;0;https://www.inaturalist.org/photos/149267933;45.47999999999999;-73.77;8
198417514;Asclepias syriaca;0;https://www.inaturalist.org/photos/198417514;45.56999999999999;-73.54;5
148439274;Asclepias syriaca;0;https://www.inaturalist.org/photos/148439274;45.47;-73.78;8
205851190;Asclepias syriaca;0;https://www.inaturalist.org/photos/205851190;45.50999999999999;-73.48;6
412757287;Asclepias syriaca;0;https://www.inaturalist.org/photos/412757287;45.31;-73.9;7
419088074;Asclepias syriaca;0;https://www.inaturalist.org/photos/419088074;45.629999999999995;-73.8;8
286469852;Asclepias syriaca;0;https://www.inaturalist.org/photos/286469852;45.629999999999995;-73.81;6
385153578;Asclepias syriaca;0;https://www.inaturalist.org/photos/385153578;46.03999999999999;-73.11;5
148442663;Asclepias syriaca;0;https://www.inaturalist.org/photos/148442663;45.47;-73.78;8
281278290;Asclepias syriaca;0;https://www.inaturalist.org/photos/281278290;45.09;-73.14;5
286352738;Asclepias syriaca;0;https://www.inaturalist.org/photos/286352738;45.47999999999999;-73.37;6
381268360;Asclepias syriaca;0;https://www.inaturalist.org/photos/381268360;45.620000000000005;-72.98;5
285706148;Asclepias syriaca;0;https://www.inaturalist.org/photos/285706148;45.629999999999995;-73.81;6
422621070;Asclepias syriaca;0;https://www.inaturalist.org/photos/422621070;45.629999999999995;-73.98;8
285193168;Asclepias syriaca;0;https://www.inaturalist.org/photos/285193168;45.69999999999999;-74.19;5
149269450;Asclepias syriaca;0;https://www.inaturalist.org/photos/149269450;45.47999999999999;-73.77;8
397008669;Asclepias syriaca;0;https://www.inaturalist.org/photos/397008669;46.28999999999999;-74.12;6
287862292;Asclepias syriaca;0;https://www.inaturalist.org/photos/287862292;45.629999999999995;-73.81;6
393170139;Asclepias syriaca;0;https://www.inaturalist.org/photos/393170139;45.43000000000001;-72.62;6
389240783;Asclepias syriaca;0;https://www.inaturalist.org/photos/389240783;45.56;-73.54;6
286451111;Asclepias syriaca;0;https://www.inaturalist.org/photos/286451111;45.629999999999995;-73.81;6
148441505;Asclepias syriaca;0;https://www.inaturalist.org/photos/148441505;45.47;-73.78;8
291063774;Asclepias syriaca;0;https://www.inaturalist.org/photos/291063774;45.49000000000001;-73.57;6
282094397;Asclepias syriaca;0;https://www.inaturalist.org/photos/282094397;45.97999999999999;-73.18;5
286362393;Asclepias syriaca;0;https://www.inaturalist.org/photos/286362393;45.629999999999995;-73.81;6
149269190;Asclepias syriaca;0;https://www.inaturalist.org/photos/149269190;45.47999999999999;-73.77;8
385619792;Asclepias syriaca;0;https://www.inaturalist.org/photos/385619792;45.56;-73.53;5
52733371;Asclepias syriaca;0;https://www.inaturalist.org/photos/52733371;46.34;-72.54;9
216189121;Asclepias syriaca;0;https://www.inaturalist.org/photos/216189121;45.47999999999999;-73.77;7
149279814;Asclepias syriaca;0;https://www.inaturalist.org/photos/149279814;45.47;-73.78;8
41913339;Asclepias syriaca;0;https://www.inaturalist.org/photos/41913339;45.400000000000006;-71.9;6
131009437;Asclepias syriaca;0;https://www.inaturalist.org/photos/131009437;46.19999999999999;-73.68;5
143535554;Asclepias syriaca;0;https://www.inaturalist.org/photos/143535554;45.52000000000001;-73.58;7
288588773;Asclepias syriaca;0;https://www.inaturalist.org/photos/288588773;45.78;-72.01;6
311685922;Asclepias syriaca;0;https://www.inaturalist.org/photos/311685922;45.47;-74.05;8
286455555;Asclepias syriaca;0;https://www.inaturalist.org/photos/286455555;45.629999999999995;-73.81;6
285715398;Asclepias syriaca;0;https://www.inaturalist.org/photos/285715398;45.629999999999995;-73.81;6
92145779;Asclepias syriaca;0;https://www.inaturalist.org/photos/92145779;45.53999999999999;-73.57;8
392175199;Asclepias syriaca;0;https://www.inaturalist.org/photos/392175199;45.53999999999999;-73.56;6
148439780;Asclepias syriaca;0;https://www.inaturalist.org/photos/148439780;45.47;-73.78;8
288704110;Asclepias syriaca;0;https://www.inaturalist.org/photos/288704110;45.629999999999995;-73.8;6
131534139;Asclepias syriaca;0;https://www.inaturalist.org/photos/131534139;45.47999999999999;-73.6;5
148441574;Asclepias syriaca;0;https://www.inaturalist.org/photos/148441574;45.47;-73.78;8
149274180;Asclepias syriaca;0;https://www.inaturalist.org/photos/149274180;45.47;-73.77;8
74775734;Asclepias syriaca;0;https://www.inaturalist.org/photos/74775734;45.41999999999999;-73.44;5
149839898;Asclepias syriaca;0;https://www.inaturalist.org/photos/149839898;45.389999999999986;-74.18;8
288780232;Asclepias syriaca;0;https://www.inaturalist.org/photos/288780232;45.50999999999999;-73.58;6
149261999;Asclepias syriaca;0;https://www.inaturalist.org/photos/149261999;45.47999999999999;-73.77;8
223368596;Asclepias syriaca;0;https://www.inaturalist.org/photos/223368596;45.5;-73.58;8
149273951;Asclepias syriaca;0;https://www.inaturalist.org/photos/149273951;45.47;-73.77;8
149275346;Asclepias syriaca;0;https://www.inaturalist.org/photos/149275346;45.47;-73.77;8
149276558;Asclepias syriaca;0;https://www.inaturalist.org/photos/149276558;45.47;-73.77;8
145890693;Asclepias syriaca;0;https://www.inaturalist.org/photos/145890693;45.599999999999994;-73.25;7
149275715;Asclepias syriaca;0;https://www.inaturalist.org/photos/149275715;45.47;-73.77;8
287860855;Asclepias syriaca;0;https://www.inaturalist.org/photos/287860855;45.629999999999995;-73.81;6
391191716;Asclepias syriaca;0;https://www.inaturalist.org/photos/391191716;45.56;-73.53;6
308420456;Asclepias syriaca;0;https://www.inaturalist.org/photos/308420456;45.47;-73.57;6
148441546;Asclepias syriaca;0;https://www.inaturalist.org/photos/148441546;45.47;-73.78;8
202309055;Asclepias syriaca;0;https://www.inaturalist.org/photos/202309055;45.53999999999999;-73.65;5
389242797;Asclepias syriaca;0;https://www.inaturalist.org/photos/389242797;45.56;-73.54;6
390832939;Asclepias syriaca;0;https://www.inaturalist.org/photos/390832939;45.58000000000001;-73.82;5
149279662;Asclepias syriaca;0;https://www.inaturalist.org/photos/149279662;45.47;-73.78;8
422760223;Asclepias syriaca;0;https://www.inaturalist.org/photos/422760223;45.49000000000001;-73.41;8
315092565;Asclepias syriaca;0;https://www.inaturalist.org/photos/315092565;45.25999999999999;-72.23;8
218573020;Asclepias syriaca;0;https://www.inaturalist.org/photos/218573020;45.68000000000001;-73.44;7
286358625;Asclepias syriaca;0;https://www.inaturalist.org/photos/286358625;45.629999999999995;-73.8;6
299279351;Asclepias syriaca;0;https://www.inaturalist.org/photos/299279351;45.629999999999995;-73.8;7
386519373;Asclepias syriaca;0;https://www.inaturalist.org/photos/386519373;45.58000000000001;-73.57;5
198417567;Asclepias syriaca;0;https://www.inaturalist.org/photos/198417567;45.56999999999999;-73.54;5
283559797;Asclepias syriaca;0;https://www.inaturalist.org/photos/283559797;45.629999999999995;-73.8;5
133471968;Asclepias syriaca;0;https://www.inaturalist.org/photos/133471968;45.43000000000001;-73.7;6
149274035;Asclepias syriaca;0;https://www.inaturalist.org/photos/149274035;45.47;-73.77;8
43086016;Asclepias syriaca;0;https://www.inaturalist.org/photos/43086016;45.50999999999999;-73.46;6
383095427;Asclepias syriaca;0;https://www.inaturalist.org/photos/383095427;45.41;-73.45;5
286469151;Asclepias syriaca;0;https://www.inaturalist.org/photos/286469151;45.629999999999995;-73.81;6
43032816;Asclepias syriaca;0;https://www.inaturalist.org/photos/43032816;45.24000000000001;-72.45;6
149270580;Asclepias syriaca;0;https://www.inaturalist.org/photos/149270580;45.47999999999999;-73.77;8
19776009;Asclepias syriaca;0;https://www.inaturalist.org/photos/19776009;45.55000000000001;-73.55;6
286466720;Asclepias syriaca;0;https://www.inaturalist.org/photos/286466720;45.639999999999986;-73.81;6
148439467;Asclepias syriaca;0;https://www.inaturalist.org/photos/148439467;45.47;-73.78;8
136614180;Asclepias syriaca;0;https://www.inaturalist.org/photos/136614180;45.50999999999999;-73.88;6
81325843;Asclepias syriaca;0;https://www.inaturalist.org/photos/81325843;45.69999999999999;-73.48;6
288146804;Asclepias syriaca;0;https://www.inaturalist.org/photos/288146804;45.629999999999995;-73.8;6
149280057;Asclepias syriaca;0;https://www.inaturalist.org/photos/149280057;45.47999999999999;-73.78;8
287861145;Asclepias syriaca;0;https://www.inaturalist.org/photos/287861145;45.629999999999995;-73.81;6
283859197;Asclepias syriaca;0;https://www.inaturalist.org/photos/283859197;45.360000000000014;-72.93;5
215791590;Asclepias syriaca;0;https://www.inaturalist.org/photos/215791590;45.53;-73.62;7
286463181;Asclepias syriaca;0;https://www.inaturalist.org/photos/286463181;45.639999999999986;-73.81;6
435528048;Asclepias syriaca;0;https://www.inaturalist.org/photos/435528048;45.599999999999994;-73.55;8
393345801;Asclepias syriaca;0;https://www.inaturalist.org/photos/393345801;45.55000000000001;-73.54;6
85698243;Asclepias syriaca;0;https://www.inaturalist.org/photos/85698243;45.47999999999999;-73.61;6
149275290;Asclepias syriaca;0;https://www.inaturalist.org/photos/149275290;45.47;-73.77;8
438544914;Asclepias syriaca;0;https://www.inaturalist.org/photos/438544914;45.59;-73.51;10
41923008;Asclepias syriaca;0;https://www.inaturalist.org/photos/41923008;45.53999999999999;-73.55;6
216187661;Asclepias syriaca;0;https://www.inaturalist.org/photos/216187661;45.47999999999999;-73.77;7
149274631;Asclepias syriaca;0;https://www.inaturalist.org/photos/149274631;45.47;-73.77;8
149274693;Asclepias syriaca;0;https://www.inaturalist.org/photos/149274693;45.47;-73.77;8
202510438;Asclepias syriaca;0;https://www.inaturalist.org/photos/202510438;45.389999999999986;-73.76;6
218654460;Asclepias syriaca;0;https://www.inaturalist.org/photos/218654460;45.110000000000014;-72.62;7
436695366;Asclepias syriaca;0;https://www.inaturalist.org/photos/436695366;45.53999999999999;-73.16;9
200351408;Asclepias syriaca;0;https://www.inaturalist.org/photos/200351408;45.50999999999999;-73.48;5
286468923;Asclepias syriaca;0;https://www.inaturalist.org/photos/286468923;45.629999999999995;-73.81;6
151086958;Asclepias syriaca;0;https://www.inaturalist.org/photos/151086958;45.53999999999999;-73.63;8
132153605;Asclepias syriaca;0;https://www.inaturalist.org/photos/132153605;45.08000000000001;-71.8;5
24623998;Asclepias syriaca;0;https://www.inaturalist.org/photos/24623998;45.400000000000006;-73.94;9
389238214;Asclepias syriaca;0;https://www.inaturalist.org/photos/389238214;45.56999999999999;-73.54;6
291074926;Asclepias syriaca;0;https://www.inaturalist.org/photos/291074926;45.53;-73.59;6
131469662;Asclepias syriaca;0;https://www.inaturalist.org/photos/131469662;45.72999999999999;-73.83;5
148439246;Asclepias syriaca;0;https://www.inaturalist.org/photos/148439246;45.47;-73.78;8
391191108;Asclepias syriaca;0;https://www.inaturalist.org/photos/391191108;45.56;-73.53;6
148440543;Asclepias syriaca;0;https://www.inaturalist.org/photos/148440543;45.47;-73.78;8
287858670;Asclepias syriaca;0;https://www.inaturalist.org/photos/287858670;45.629999999999995;-73.81;6
149273818;Asclepias syriaca;0;https://www.inaturalist.org/photos/149273818;45.47;-73.77;8
389910649;Asclepias syriaca;0;https://www.inaturalist.org/photos/389910649;45.389999999999986;-73.37;6
288146416;Asclepias syriaca;0;https://www.inaturalist.org/photos/288146416;45.629999999999995;-73.81;6
210478890;Asclepias syriaca;0;https://www.inaturalist.org/photos/210478890;45.78;-72.01;6
149269474;Asclepias syriaca;0;https://www.inaturalist.org/photos/149269474;45.47999999999999;-73.77;8
205287711;Asclepias syriaca;0;https://www.inaturalist.org/photos/205287711;45.46000000000001;-73.92;6
282167447;Asclepias syriaca;0;https://www.inaturalist.org/photos/282167447;45.52000000000001;-73.59;5
295283311;Asclepias syriaca;0;https://www.inaturalist.org/photos/295283311;45.56;-73.56;6
286453666;Asclepias syriaca;0;https://www.inaturalist.org/photos/286453666;45.629999999999995;-73.81;6
286459345;Asclepias syriaca;0;https://www.inaturalist.org/photos/286459345;45.639999999999986;-73.81;6
299258982;Asclepias syriaca;0;https://www.inaturalist.org/photos/299258982;45.58000000000001;-73.57;7
287190907;Asclepias syriaca;0;https://www.inaturalist.org/photos/287190907;45.53;-73.6;6
203683427;Asclepias syriaca;0;https://www.inaturalist.org/photos/203683427;45.66999999999999;-73.52;6
391528751;Asclepias syriaca;0;https://www.inaturalist.org/photos/391528751;45.25999999999999;-72.33;6
288146367;Asclepias syriaca;0;https://www.inaturalist.org/photos/288146367;45.629999999999995;-73.81;6
149270543;Asclepias syriaca;0;https://www.inaturalist.org/photos/149270543;45.47999999999999;-73.77;8
149279122;Asclepias syriaca;0;https://www.inaturalist.org/photos/149279122;45.47;-73.78;8
148441559;Asclepias syriaca;0;https://www.inaturalist.org/photos/148441559;45.47;-73.78;8
198417585;Asclepias syriaca;0;https://www.inaturalist.org/photos/198417585;45.56999999999999;-73.54;5
287861978;Asclepias syriaca;0;https://www.inaturalist.org/photos/287861978;45.629999999999995;-73.81;6
391648107;Asclepias syriaca;0;https://www.inaturalist.org/photos/391648107;45.56;-73.54;6
302110365;Asclepias syriaca;0;https://www.inaturalist.org/photos/302110365;45.379999999999995;-73.59;7
302133301;Asclepias syriaca;0;https://www.inaturalist.org/photos/302133301;45.46000000000001;-73.49;7
299258856;Asclepias syriaca;0;https://www.inaturalist.org/photos/299258856;45.58000000000001;-73.57;7
149265053;Asclepias syriaca;0;https://www.inaturalist.org/photos/149265053;45.47999999999999;-73.77;8
408330078;Asclepias syriaca;0;https://www.inaturalist.org/photos/408330078;45.55000000000001;-73.69;7
288146299;Asclepias syriaca;0;https://www.inaturalist.org/photos/288146299;45.629999999999995;-73.81;6
414268406;Asclepias syriaca;0;https://www.inaturalist.org/photos/414268406;45.56999999999999;-73.77;8
311685970;Asclepias syriaca;0;https://www.inaturalist.org/photos/311685970;45.47;-74.05;8
149262384;Asclepias syriaca;0;https://www.inaturalist.org/photos/149262384;45.47999999999999;-73.77;8
149279193;Asclepias syriaca;0;https://www.inaturalist.org/photos/149279193;45.47;-73.78;8
150455088;Asclepias syriaca;0;https://www.inaturalist.org/photos/150455088;45.47;-73.94;7
148438696;Asclepias syriaca;0;https://www.inaturalist.org/photos/148438696;45.47;-73.78;8
148438654;Asclepias syriaca;0;https://www.inaturalist.org/photos/148438654;45.47;-73.78;8
302133327;Asclepias syriaca;0;https://www.inaturalist.org/photos/302133327;45.46000000000001;-73.49;7
149262011;Asclepias syriaca;0;https://www.inaturalist.org/photos/149262011;45.47999999999999;-73.77;8
149279102;Asclepias syriaca;0;https://www.inaturalist.org/photos/149279102;45.47;-73.78;8
149270717;Asclepias syriaca;0;https://www.inaturalist.org/photos/149270717;45.47;-73.77;8
285695449;Asclepias syriaca;0;https://www.inaturalist.org/photos/285695449;45.629999999999995;-73.8;6
149266683;Asclepias syriaca;0;https://www.inaturalist.org/photos/149266683;45.47999999999999;-73.77;8
286451956;Asclepias syriaca;0;https://www.inaturalist.org/photos/286451956;45.629999999999995;-73.81;6
286460438;Asclepias syriaca;0;https://www.inaturalist.org/photos/286460438;45.639999999999986;-73.82;6
162657663;Asclepias syriaca;0;https://www.inaturalist.org/photos/162657663;45.55000000000001;-73.73;10
406128534;Asclepias syriaca;0;https://www.inaturalist.org/photos/406128534;45.599999999999994;-73.55;6
149279629;Asclepias syriaca;0;https://www.inaturalist.org/photos/149279629;45.47;-73.78;8
154948800;Asclepias syriaca;0;https://www.inaturalist.org/photos/154948800;45.52000000000001;-73.67;9
287859666;Asclepias syriaca;0;https://www.inaturalist.org/photos/287859666;45.629999999999995;-73.81;6
202576075;Asclepias syriaca;0;https://www.inaturalist.org/photos/202576075;45.5;-73.55;6
293747304;Asclepias syriaca;0;https://www.inaturalist.org/photos/293747304;45.97999999999999;-74.06;6
286245115;Asclepias syriaca;0;https://www.inaturalist.org/photos/286245115;45.629999999999995;-73.81;6
287856332;Asclepias syriaca;0;https://www.inaturalist.org/photos/287856332;45.629999999999995;-73.81;6
148439226;Asclepias syriaca;0;https://www.inaturalist.org/photos/148439226;45.47;-73.78;8
423864512;Asclepias syriaca;0;https://www.inaturalist.org/photos/423864512;45.49000000000001;-73.82;8
387194148;Asclepias syriaca;0;https://www.inaturalist.org/photos/387194148;45.629999999999995;-73.81;5
373131540;Asclepias syriaca;0;https://www.inaturalist.org/photos/373131540;45.379999999999995;-73.96;4
286457282;Asclepias syriaca;0;https://www.inaturalist.org/photos/286457282;45.639999999999986;-73.81;6
288146728;Asclepias syriaca;0;https://www.inaturalist.org/photos/288146728;45.629999999999995;-73.81;6
391191233;Asclepias syriaca;0;https://www.inaturalist.org/photos/391191233;45.56;-73.53;6
351880047;Asclepias syriaca;0;https://www.inaturalist.org/photos/351880047;45.379999999999995;-74.2;9
202775190;Asclepias syriaca;0;https://www.inaturalist.org/photos/202775190;45.379999999999995;-73.57;6
130565917;Asclepias syriaca;0;https://www.inaturalist.org/photos/130565917;45.56;-73.21;5
202953333;Asclepias syriaca;0;https://www.inaturalist.org/photos/202953333;45.55000000000001;-73.47;6
148442678;Asclepias syriaca;0;https://www.inaturalist.org/photos/148442678;45.47;-73.78;8
149262044;Asclepias syriaca;0;https://www.inaturalist.org/photos/149262044;45.47999999999999;-73.77;8
211233119;Asclepias syriaca;0;https://www.inaturalist.org/photos/211233119;46.05000000000001;-73.02;6
137234365;Asclepias syriaca;0;https://www.inaturalist.org/photos/137234365;45.44;-72.87;6
149270591;Asclepias syriaca;0;https://www.inaturalist.org/photos/149270591;45.47999999999999;-73.77;8
149274675;Asclepias syriaca;0;https://www.inaturalist.org/photos/149274675;45.47;-73.77;8
161905269;Asclepias syriaca;0;https://www.inaturalist.org/photos/161905269;46.379999999999995;-73.29;10
218919555;Asclepias syriaca;0;https://www.inaturalist.org/photos/218919555;45.19999999999999;-72.01;7
286451789;Asclepias syriaca;0;https://www.inaturalist.org/photos/286451789;45.629999999999995;-73.81;6
148439523;Asclepias syriaca;0;https://www.inaturalist.org/photos/148439523;45.47;-73.78;8
149276685;Asclepias syriaca;0;https://www.inaturalist.org/photos/149276685;45.47;-73.77;8
390793395;Asclepias syriaca;0;https://www.inaturalist.org/photos/390793395;45.629999999999995;-73.81;6
203683500;Asclepias syriaca;0;https://www.inaturalist.org/photos/203683500;45.66999999999999;-73.52;6
390105728;Asclepias syriaca;0;https://www.inaturalist.org/photos/390105728;45.55000000000001;-73.54;6
149263570;Asclepias syriaca;0;https://www.inaturalist.org/photos/149263570;45.47999999999999;-73.77;8
149277267;Asclepias syriaca;0;https://www.inaturalist.org/photos/149277267;45.47;-73.77;8
423501373;Asclepias syriaca;0;https://www.inaturalist.org/photos/423501373;45.56;-73.54;8
394967967;Asclepias syriaca;0;https://www.inaturalist.org/photos/394967967;45.400000000000006;-72.72;6
283816618;Asclepias syriaca;0;https://www.inaturalist.org/photos/283816618;45.47;-73.61;5
297938456;Asclepias syriaca;0;https://www.inaturalist.org/photos/297938456;46.03;-74.53;7
149264022;Asclepias syriaca;0;https://www.inaturalist.org/photos/149264022;45.47999999999999;-73.77;8
149271328;Asclepias syriaca;0;https://www.inaturalist.org/photos/149271328;45.47999999999999;-73.77;8
287859441;Asclepias syriaca;0;https://www.inaturalist.org/photos/287859441;45.629999999999995;-73.81;6
285715728;Asclepias syriaca;0;https://www.inaturalist.org/photos/285715728;45.629999999999995;-73.81;6
162903749;Asclepias syriaca;0;https://www.inaturalist.org/photos/162903749;46.31;-72.59;10
422720366;Asclepias syriaca;0;https://www.inaturalist.org/photos/422720366;45.53;-73.57;8
415344739;Asclepias syriaca;0;https://www.inaturalist.org/photos/415344739;45.71000000000001;-73.5;8
331818232;Asclepias syriaca;0;https://www.inaturalist.org/photos/331818232;45.44;-73.76;10
85698211;Asclepias syriaca;0;https://www.inaturalist.org/photos/85698211;45.47999999999999;-73.61;6
288147784;Asclepias syriaca;0;https://www.inaturalist.org/photos/288147784;45.629999999999995;-73.8;6
149275078;Asclepias syriaca;0;https://www.inaturalist.org/photos/149275078;45.47;-73.77;8
281278239;Asclepias syriaca;0;https://www.inaturalist.org/photos/281278239;45.09;-73.14;5
392931858;Asclepias syriaca;0;https://www.inaturalist.org/photos/392931858;45.55000000000001;-73.54;6
207580053;Asclepias syriaca;0;https://www.inaturalist.org/photos/207580053;45.53999999999999;-73.56;6
391536314;Asclepias syriaca;0;https://www.inaturalist.org/photos/391536314;45.5;-73.61;5
218637243;Asclepias syriaca;0;https://www.inaturalist.org/photos/218637243;45.46000000000001;-74.1;7
79500898;Asclepias syriaca;0;https://www.inaturalist.org/photos/79500898;46.31;-72.57;6
290212729;Asclepias syriaca;0;https://www.inaturalist.org/photos/290212729;45.56999999999999;-73.54;6
286458906;Asclepias syriaca;0;https://www.inaturalist.org/photos/286458906;45.639999999999986;-73.81;6
320315213;Asclepias syriaca;0;https://www.inaturalist.org/photos/320315213;45.55000000000001;-73.53;9
420342365;Asclepias syriaca;0;https://www.inaturalist.org/photos/420342365;45.46000000000001;-73.56;8
216191566;Asclepias syriaca;0;https://www.inaturalist.org/photos/216191566;45.47999999999999;-73.77;7
390959971;Asclepias syriaca;0;https://www.inaturalist.org/photos/390959971;45.55000000000001;-73.54;6
84273442;Asclepias syriaca;0;https://www.inaturalist.org/photos/84273442;45.389999999999986;-73.38;7
147276926;Asclepias syriaca;0;https://www.inaturalist.org/photos/147276926;45.30000000000001;-73.68;7
143535571;Asclepias syriaca;0;https://www.inaturalist.org/photos/143535571;45.52000000000001;-73.58;7
393073341;Asclepias syriaca;0;https://www.inaturalist.org/photos/393073341;45.55000000000001;-73.57;6
286360481;Asclepias syriaca;0;https://www.inaturalist.org/photos/286360481;45.629999999999995;-73.81;6
149269091;Asclepias syriaca;0;https://www.inaturalist.org/photos/149269091;45.47999999999999;-73.77;8
290212714;Asclepias syriaca;0;https://www.inaturalist.org/photos/290212714;45.56999999999999;-73.54;6
286456436;Asclepias syriaca;0;https://www.inaturalist.org/photos/286456436;45.639999999999986;-73.81;6
393170440;Asclepias syriaca;0;https://www.inaturalist.org/photos/393170440;45.43000000000001;-72.61;6
214991937;Asclepias syriaca;0;https://www.inaturalist.org/photos/214991937;45.55000000000001;-73.54;7
389137158;Asclepias syriaca;0;https://www.inaturalist.org/photos/389137158;45.900000000000006;-74.25;6
149271268;Asclepias syriaca;0;https://www.inaturalist.org/photos/149271268;45.47999999999999;-73.77;8
79165892;Asclepias syriaca;0;https://www.inaturalist.org/photos/79165892;45.16;-72.3;6
431391088;Asclepias syriaca;0;https://www.inaturalist.org/photos/431391088;45.610000000000014;-73.55;9
148440506;Asclepias syriaca;0;https://www.inaturalist.org/photos/148440506;45.47;-73.78;8
148439988;Asclepias syriaca;0;https://www.inaturalist.org/photos/148439988;45.47;-73.78;8
289792274;Asclepias syriaca;0;https://www.inaturalist.org/photos/289792274;45.639999999999986;-73.82;6
228896800;Asclepias syriaca;0;https://www.inaturalist.org/photos/228896800;45.5;-72.32;9
288146468;Asclepias syriaca;0;https://www.inaturalist.org/photos/288146468;45.629999999999995;-73.81;6
78780542;Asclepias syriaca;0;https://www.inaturalist.org/photos/78780542;45.44;-73.7;6
207387888;Asclepias syriaca;0;https://www.inaturalist.org/photos/207387888;45.50999999999999;-73.46;6
286467904;Asclepias syriaca;0;https://www.inaturalist.org/photos/286467904;45.629999999999995;-73.81;6
389144895;Asclepias syriaca;0;https://www.inaturalist.org/photos/389144895;45.900000000000006;-74.24;6
308156996;Asclepias syriaca;0;https://www.inaturalist.org/photos/308156996;45.96000000000001;-73.76;8
43086755;Asclepias syriaca;0;https://www.inaturalist.org/photos/43086755;45.379999999999995;-74.02;6
286471284;Asclepias syriaca;0;https://www.inaturalist.org/photos/286471284;45.629999999999995;-73.8;6
416540030;Asclepias syriaca;0;https://www.inaturalist.org/photos/416540030;45.56;-73.57;8
168970366;Asclepias syriaca;0;https://www.inaturalist.org/photos/168970366;45.389999999999986;-73.75;9
148439404;Asclepias syriaca;0;https://www.inaturalist.org/photos/148439404;45.47;-73.78;8
325083047;Asclepias syriaca;0;https://www.inaturalist.org/photos/325083047;45.52000000000001;-73.67;10
46985289;Asclepias syriaca;0;https://www.inaturalist.org/photos/46985289;45.379999999999995;-74.02;7
159778239;Asclepias syriaca;0;https://www.inaturalist.org/photos/159778239;45.389999999999986;-73.77;9
288736502;Asclepias syriaca;0;https://www.inaturalist.org/photos/288736502;45.629999999999995;-73.81;6
286454209;Asclepias syriaca;0;https://www.inaturalist.org/photos/286454209;45.629999999999995;-73.81;6
169335851;Asclepias syriaca;0;https://www.inaturalist.org/photos/169335851;45.69;-73.51;7
149273845;Asclepias syriaca;0;https://www.inaturalist.org/photos/149273845;45.47;-73.77;8
206321891;Asclepias syriaca;0;https://www.inaturalist.org/photos/206321891;45.44999999999999;-73.92;6
293862034;Asclepias syriaca;0;https://www.inaturalist.org/photos/293862034;45.66;-74.34;6
420565713;Asclepias syriaca;0;https://www.inaturalist.org/photos/420565713;45.5;-73.76;8
388990081;Asclepias syriaca;0;https://www.inaturalist.org/photos/388990081;45.47999999999999;-73.77;5
292374650;Asclepias syriaca;0;https://www.inaturalist.org/photos/292374650;45.53999999999999;-73.47;6
90139103;Asclepias syriaca;0;https://www.inaturalist.org/photos/90139103;45.389999999999986;-72.23;8
149262336;Asclepias syriaca;0;https://www.inaturalist.org/photos/149262336;45.47999999999999;-73.77;8
284331284;Asclepias syriaca;0;https://www.inaturalist.org/photos/284331284;45.59;-73.44;5
218313894;Asclepias syriaca;0;https://www.inaturalist.org/photos/218313894;45.610000000000014;-73.69;7
429821053;Asclepias syriaca;0;https://www.inaturalist.org/photos/429821053;45.5;-73.58;9
41942446;Asclepias syriaca;0;https://www.inaturalist.org/photos/41942446;45.53999999999999;-73.55;6
78862954;Asclepias syriaca;0;https://www.inaturalist.org/photos/78862954;45.629999999999995;-73.57;6
419103020;Asclepias syriaca;0;https://www.inaturalist.org/photos/419103020;45.629999999999995;-73.81;8
408308903;Asclepias syriaca;0;https://www.inaturalist.org/photos/408308903;45.44;-73.68;7
286462419;Asclepias syriaca;0;https://www.inaturalist.org/photos/286462419;45.639999999999986;-73.81;6
149268963;Asclepias syriaca;0;https://www.inaturalist.org/photos/149268963;45.47999999999999;-73.77;8
149262347;Asclepias syriaca;0;https://www.inaturalist.org/photos/149262347;45.47999999999999;-73.77;8
422271042;Asclepias syriaca;0;https://www.inaturalist.org/photos/422271042;45.47999999999999;-73.77;8
131830559;Asclepias syriaca;0;https://www.inaturalist.org/photos/131830559;45.53999999999999;-73.58;5
41941296;Asclepias syriaca;0;https://www.inaturalist.org/photos/41941296;45.53;-73.55;6
389240664;Asclepias syriaca;0;https://www.inaturalist.org/photos/389240664;45.56;-73.54;6
291074796;Asclepias syriaca;0;https://www.inaturalist.org/photos/291074796;45.53;-73.59;6
133471860;Asclepias syriaca;0;https://www.inaturalist.org/photos/133471860;45.43000000000001;-73.7;6
316748061;Asclepias syriaca;0;https://www.inaturalist.org/photos/316748061;45.69999999999999;-73.51;9
430881129;Asclepias syriaca;0;https://www.inaturalist.org/photos/430881129;45.610000000000014;-73.46;9
149276855;Asclepias syriaca;0;https://www.inaturalist.org/photos/149276855;45.47;-73.77;8
419951712;Asclepias syriaca;0;https://www.inaturalist.org/photos/419951712;45.55000000000001;-73.57;8
288588726;Asclepias syriaca;0;https://www.inaturalist.org/photos/288588726;45.78;-72.01;6
285660403;Asclepias syriaca;0;https://www.inaturalist.org/photos/285660403;45.50999999999999;-73.46;5
304290346;Asclepias syriaca;0;https://www.inaturalist.org/photos/304290346;45.18000000000001;-72.05;7
216189009;Asclepias syriaca;0;https://www.inaturalist.org/photos/216189009;45.47999999999999;-73.77;7
388443552;Asclepias syriaca;0;https://www.inaturalist.org/photos/388443552;45.55000000000001;-73.22;5
290212686;Asclepias syriaca;0;https://www.inaturalist.org/photos/290212686;45.56999999999999;-73.54;6
148438454;Asclepias syriaca;0;https://www.inaturalist.org/photos/148438454;45.47;-73.78;8
76742192;Asclepias syriaca;0;https://www.inaturalist.org/photos/76742192;45.52000000000001;-73.6;6
413220374;Asclepias syriaca;0;https://www.inaturalist.org/photos/413220374;45.56;-73.54;7
148438683;Asclepias syriaca;0;https://www.inaturalist.org/photos/148438683;45.47;-73.78;8
290941835;Asclepias syriaca;0;https://www.inaturalist.org/photos/290941835;45.620000000000005;-73.73;6
209130442;Asclepias syriaca;0;https://www.inaturalist.org/photos/209130442;45.43000000000001;-73.13;6
155231553;Asclepias syriaca;0;https://www.inaturalist.org/photos/155231553;45.55000000000001;-73.47;9
217892769;Asclepias syriaca;0;https://www.inaturalist.org/photos/217892769;46.349999999999994;-72.56;7
286470126;Asclepias syriaca;0;https://www.inaturalist.org/photos/286470126;45.629999999999995;-73.81;6
286450952;Asclepias syriaca;0;https://www.inaturalist.org/photos/286450952;45.629999999999995;-73.81;6
389909262;Asclepias syriaca;0;https://www.inaturalist.org/photos/389909262;45.389999999999986;-73.37;6
43616320;Asclepias syriaca;0;https://www.inaturalist.org/photos/43616320;46.05000000000001;-71.96;7
291063808;Asclepias syriaca;0;https://www.inaturalist.org/photos/291063808;45.49000000000001;-73.57;6
286457078;Asclepias syriaca;0;https://www.inaturalist.org/photos/286457078;45.639999999999986;-73.81;6
204668335;Asclepias syriaca;0;https://www.inaturalist.org/photos/204668335;45.69999999999999;-73.5;6
232004086;Asclepias syriaca;0;https://www.inaturalist.org/photos/232004086;45.43000000000001;-73.57;8
406597567;Asclepias syriaca;0;https://www.inaturalist.org/photos/406597567;45.66;-74.34;7
425659688;Asclepias syriaca;0;https://www.inaturalist.org/photos/425659688;45.56;-73.53;8
218313825;Asclepias syriaca;0;https://www.inaturalist.org/photos/218313825;45.610000000000014;-73.69;7
420353442;Asclepias syriaca;0;https://www.inaturalist.org/photos/420353442;45.71000000000001;-73.93;8
320315219;Asclepias syriaca;0;https://www.inaturalist.org/photos/320315219;45.55000000000001;-73.53;9
420151875;Asclepias syriaca;0;https://www.inaturalist.org/photos/420151875;45.44999999999999;-73.57;8
317711722;Asclepias syriaca;0;https://www.inaturalist.org/photos/317711722;45.56999999999999;-73.54;9
388963839;Asclepias syriaca;0;https://www.inaturalist.org/photos/388963839;45.629999999999995;-73.81;5
149276752;Asclepias syriaca;0;https://www.inaturalist.org/photos/149276752;45.47;-73.77;8
286466542;Asclepias syriaca;0;https://www.inaturalist.org/photos/286466542;45.629999999999995;-73.81;6
148442607;Asclepias syriaca;0;https://www.inaturalist.org/photos/148442607;45.47;-73.78;8
316506663;Asclepias syriaca;0;https://www.inaturalist.org/photos/316506663;45.56;-73.54;9
434178437;Asclepias syriaca;0;https://www.inaturalist.org/photos/434178437;45.53;-73.55;9
209858815;Asclepias syriaca;0;https://www.inaturalist.org/photos/209858815;45.47;-73.93;6
389255813;Asclepias syriaca;0;https://www.inaturalist.org/photos/389255813;45.56;-73.54;6
153512865;Asclepias syriaca;0;https://www.inaturalist.org/photos/153512865;45.68000000000001;-73.87;8
149262057;Asclepias syriaca;0;https://www.inaturalist.org/photos/149262057;45.47999999999999;-73.77;8
391935439;Asclepias syriaca;0;https://www.inaturalist.org/photos/391935439;45.69;-73.63;6
242215956;Asclepias syriaca;0;https://www.inaturalist.org/photos/242215956;45.629999999999995;-73.81;11
97554627;Asclepias syriaca;0;https://www.inaturalist.org/photos/97554627;45.43000000000001;-73.59;9
393035612;Asclepias syriaca;0;https://www.inaturalist.org/photos/393035612;45.69;-73.63;6
398293415;Asclepias syriaca;0;https://www.inaturalist.org/photos/398293415;45.28;-72.18;6
389234715;Asclepias syriaca;0;https://www.inaturalist.org/photos/389234715;45.56;-73.53;5
149279763;Asclepias syriaca;0;https://www.inaturalist.org/photos/149279763;45.47;-73.78;8
288287659;Asclepias syriaca;0;https://www.inaturalist.org/photos/288287659;45.53;-73.6;6
220019416;Asclepias syriaca;0;https://www.inaturalist.org/photos/220019416;45.5;-73.57;8
389240599;Asclepias syriaca;0;https://www.inaturalist.org/photos/389240599;45.56;-73.54;6
287879809;Asclepias syriaca;0;https://www.inaturalist.org/photos/287879809;45.53;-74.17;6
319683452;Asclepias syriaca;0;https://www.inaturalist.org/photos/319683452;45.50999999999999;-73.62;9
149269463;Asclepias syriaca;0;https://www.inaturalist.org/photos/149269463;45.47999999999999;-73.77;8
384522378;Asclepias syriaca;0;https://www.inaturalist.org/photos/384522378;45.53999999999999;-73.62;5
433029960;Asclepias syriaca;0;https://www.inaturalist.org/photos/433029960;45.52000000000001;-73.67;9
286460852;Asclepias syriaca;0;https://www.inaturalist.org/photos/286460852;45.639999999999986;-73.82;6
43032797;Asclepias syriaca;0;https://www.inaturalist.org/photos/43032797;45.24000000000001;-72.45;6
149268123;Asclepias syriaca;0;https://www.inaturalist.org/photos/149268123;45.47999999999999;-73.77;8
200948924;Asclepias syriaca;0;https://www.inaturalist.org/photos/200948924;45.08000000000001;-73.36;5
225452418;Asclepias syriaca;0;https://www.inaturalist.org/photos/225452418;45.25999999999999;-72.14;7
281614102;Asclepias syriaca;0;https://www.inaturalist.org/photos/281614102;45.52000000000001;-73.6;5
157443401;Asclepias syriaca;0;https://www.inaturalist.org/photos/157443401;45.50999999999999;-73.58;9
284331183;Asclepias syriaca;0;https://www.inaturalist.org/photos/284331183;45.59;-73.44;5
288146494;Asclepias syriaca;0;https://www.inaturalist.org/photos/288146494;45.629999999999995;-73.81;6
148442832;Asclepias syriaca;0;https://www.inaturalist.org/photos/148442832;45.47;-73.78;8
148441646;Asclepias syriaca;0;https://www.inaturalist.org/photos/148441646;45.47;-73.78;8
175684047;Asclepias syriaca;0;https://www.inaturalist.org/photos/175684047;45.599999999999994;-73.68;9
410235882;Asclepias syriaca;0;https://www.inaturalist.org/photos/410235882;45.44999999999999;-73.26;9
426398607;Asclepias syriaca;0;https://www.inaturalist.org/photos/426398607;45.53;-73.53;9
157443380;Asclepias syriaca;0;https://www.inaturalist.org/photos/157443380;45.50999999999999;-73.58;9
284601262;Asclepias syriaca;0;https://www.inaturalist.org/photos/284601262;45.620000000000005;-73.81;5
149275862;Asclepias syriaca;0;https://www.inaturalist.org/photos/149275862;45.47;-73.77;8
149274240;Asclepias syriaca;0;https://www.inaturalist.org/photos/149274240;45.47;-73.77;8
160141977;Asclepias syriaca;0;https://www.inaturalist.org/photos/160141977;45.389999999999986;-73.76;9
315089082;Asclepias syriaca;0;https://www.inaturalist.org/photos/315089082;45.56999999999999;-73.83;8
146866415;Asclepias syriaca;0;https://www.inaturalist.org/photos/146866415;45.629999999999995;-73.55;7
291963338;Asclepias syriaca;0;https://www.inaturalist.org/photos/291963338;45.629999999999995;-73.81;6
315535541;Asclepias syriaca;0;https://www.inaturalist.org/photos/315535541;45.52000000000001;-73.67;8
149270389;Asclepias syriaca;0;https://www.inaturalist.org/photos/149270389;45.47999999999999;-73.77;8
149274227;Asclepias syriaca;0;https://www.inaturalist.org/photos/149274227;45.47;-73.77;8
286460198;Asclepias syriaca;0;https://www.inaturalist.org/photos/286460198;45.639999999999986;-73.82;6
433078565;Asclepias syriaca;0;https://www.inaturalist.org/photos/433078565;45.53;-73.6;9
287748119;Asclepias syriaca;0;https://www.inaturalist.org/photos/287748119;45.55000000000001;-73.33;6
51865045;Asclepias syriaca;0;https://www.inaturalist.org/photos/51865045;45.43000000000001;-73.94;9
392037851;Asclepias syriaca;0;https://www.inaturalist.org/photos/392037851;45.56;-73.53;6
417745645;Asclepias syriaca;0;https://www.inaturalist.org/photos/417745645;45.71000000000001;-73.93;8
396243305;Asclepias syriaca;0;https://www.inaturalist.org/photos/396243305;45.620000000000005;-73.46;6
409822013;Asclepias syriaca;0;https://www.inaturalist.org/photos/409822013;45.639999999999986;-73.81;7
322313769;Asclepias syriaca;0;https://www.inaturalist.org/photos/322313769;45.49000000000001;-73.58;9
286452426;Asclepias syriaca;0;https://www.inaturalist.org/photos/286452426;45.629999999999995;-73.81;6
286452192;Asclepias syriaca;0;https://www.inaturalist.org/photos/286452192;45.629999999999995;-73.81;6
149271294;Asclepias syriaca;0;https://www.inaturalist.org/photos/149271294;45.47999999999999;-73.77;8
391187396;Asclepias syriaca;0;https://www.inaturalist.org/photos/391187396;45.56;-73.53;6
389234796;Asclepias syriaca;0;https://www.inaturalist.org/photos/389234796;45.56;-73.53;5
390959940;Asclepias syriaca;0;https://www.inaturalist.org/photos/390959940;45.55000000000001;-73.54;6
131469608;Asclepias syriaca;0;https://www.inaturalist.org/photos/131469608;45.72999999999999;-73.83;5
149262400;Asclepias syriaca;0;https://www.inaturalist.org/photos/149262400;45.47999999999999;-73.77;8
420988074;Asclepias syriaca;0;https://www.inaturalist.org/photos/420988074;46.09;-73.96;8
391753896;Asclepias syriaca;0;https://www.inaturalist.org/photos/391753896;45.370000000000005;-71.86;6
149279822;Asclepias syriaca;0;https://www.inaturalist.org/photos/149279822;45.47;-73.78;8
223866874;Asclepias syriaca;0;https://www.inaturalist.org/photos/223866874;45.47999999999999;-73.58;8
291963381;Asclepias syriaca;0;https://www.inaturalist.org/photos/291963381;45.629999999999995;-73.8;6
162646441;Asclepias syriaca;0;https://www.inaturalist.org/photos/162646441;46.03;-73.7;10
389235853;Asclepias syriaca;0;https://www.inaturalist.org/photos/389235853;45.56;-73.54;5
149279301;Asclepias syriaca;0;https://www.inaturalist.org/photos/149279301;45.47;-73.78;8
293418555;Asclepias syriaca;0;https://www.inaturalist.org/photos/293418555;45.56;-73.61;6
391191350;Asclepias syriaca;0;https://www.inaturalist.org/photos/391191350;45.56;-73.53;6
149266751;Asclepias syriaca;0;https://www.inaturalist.org/photos/149266751;45.47999999999999;-73.77;8
97481601;Asclepias syriaca;0;https://www.inaturalist.org/photos/97481601;46;-74.02;9
148440394;Asclepias syriaca;0;https://www.inaturalist.org/photos/148440394;45.47;-73.78;8
392602706;Asclepias syriaca;0;https://www.inaturalist.org/photos/392602706;45.69;-73.64;6
149269266;Asclepias syriaca;0;https://www.inaturalist.org/photos/149269266;45.47999999999999;-73.77;8
99664524;Asclepias syriaca;0;https://www.inaturalist.org/photos/99664524;45.44;-73.95;7
395469885;Asclepias syriaca;0;https://www.inaturalist.org/photos/395469885;45.56999999999999;-73.54;6
149269327;Asclepias syriaca;0;https://www.inaturalist.org/photos/149269327;45.47999999999999;-73.77;8
390960355;Asclepias syriaca;0;https://www.inaturalist.org/photos/390960355;45.55000000000001;-73.54;6
133888130;Asclepias syriaca;0;https://www.inaturalist.org/photos/133888130;45.44;-73.6;6
158187327;Asclepias syriaca;0;https://www.inaturalist.org/photos/158187327;45.389999999999986;-73.76;9
389255779;Asclepias syriaca;0;https://www.inaturalist.org/photos/389255779;45.56;-73.54;6
149274652;Asclepias syriaca;0;https://www.inaturalist.org/photos/149274652;45.47;-73.77;8
217737655;Asclepias syriaca;0;https://www.inaturalist.org/photos/217737655;45.53;-73.36;7
149266615;Asclepias syriaca;0;https://www.inaturalist.org/photos/149266615;45.47999999999999;-73.77;8
390966337;Asclepias syriaca;0;https://www.inaturalist.org/photos/390966337;45.400000000000006;-72.73;6
232011073;Asclepias syriaca;0;https://www.inaturalist.org/photos/232011073;45.389999999999986;-74.18;9
149274223;Asclepias syriaca;0;https://www.inaturalist.org/photos/149274223;45.47;-73.77;8
306815973;Asclepias syriaca;0;https://www.inaturalist.org/photos/306815973;45.31;-72.18;8
409821981;Asclepias syriaca;0;https://www.inaturalist.org/photos/409821981;45.639999999999986;-73.81;7
390960329;Asclepias syriaca;0;https://www.inaturalist.org/photos/390960329;45.55000000000001;-73.54;6
144925957;Asclepias syriaca;0;https://www.inaturalist.org/photos/144925957;46.03;-73.09;7
205453000;Asclepias syriaca;0;https://www.inaturalist.org/photos/205453000;45.56;-72.71;6
286468446;Asclepias syriaca;0;https://www.inaturalist.org/photos/286468446;45.629999999999995;-73.81;6
209059189;Asclepias syriaca;0;https://www.inaturalist.org/photos/209059189;45.96000000000001;-74.44;6
286937575;Asclepias syriaca;0;https://www.inaturalist.org/photos/286937575;46.349999999999994;-72.57;6
216188045;Asclepias syriaca;0;https://www.inaturalist.org/photos/216188045;45.47999999999999;-73.77;7
20200882;Asclepias syriaca;0;https://www.inaturalist.org/photos/20200882;46.31999999999999;-74.21;6
149263221;Asclepias syriaca;0;https://www.inaturalist.org/photos/149263221;45.47999999999999;-73.77;8
308156887;Asclepias syriaca;0;https://www.inaturalist.org/photos/308156887;45.96000000000001;-73.76;8
149265754;Asclepias syriaca;0;https://www.inaturalist.org/photos/149265754;45.47999999999999;-73.77;8
293418625;Asclepias syriaca;0;https://www.inaturalist.org/photos/293418625;45.56;-73.61;6
149270184;Asclepias syriaca;0;https://www.inaturalist.org/photos/149270184;45.47999999999999;-73.77;8
389621034;Asclepias syriaca;0;https://www.inaturalist.org/photos/389621034;45.610000000000014;-73.66;6
387133520;Asclepias syriaca;0;https://www.inaturalist.org/photos/387133520;45.41999999999999;-74.16;5
425267680;Asclepias syriaca;0;https://www.inaturalist.org/photos/425267680;45.56;-73.53;8
226916173;Asclepias syriaca;0;https://www.inaturalist.org/photos/226916173;45.629999999999995;-73.98;9
149276770;Asclepias syriaca;0;https://www.inaturalist.org/photos/149276770;45.47;-73.77;8
300602481;Asclepias syriaca;0;https://www.inaturalist.org/photos/300602481;45.55000000000001;-73.63;7
286454382;Asclepias syriaca;0;https://www.inaturalist.org/photos/286454382;45.629999999999995;-73.81;6
286465369;Asclepias syriaca;0;https://www.inaturalist.org/photos/286465369;45.639999999999986;-73.81;6
160702116;Asclepias syriaca;0;https://www.inaturalist.org/photos/160702116;45.47999999999999;-73.76;9
145891143;Asclepias syriaca;0;https://www.inaturalist.org/photos/145891143;45.599999999999994;-73.25;7
155231522;Asclepias syriaca;0;https://www.inaturalist.org/photos/155231522;45.55000000000001;-73.47;9
148439456;Asclepias syriaca;0;https://www.inaturalist.org/photos/148439456;45.47;-73.78;8
149268514;Asclepias syriaca;0;https://www.inaturalist.org/photos/149268514;45.47999999999999;-73.77;8
422628963;Asclepias syriaca;0;https://www.inaturalist.org/photos/422628963;45.53999999999999;-73.55;8
223104561;Asclepias syriaca;0;https://www.inaturalist.org/photos/223104561;45.639999999999986;-73.78;8
149274084;Asclepias syriaca;0;https://www.inaturalist.org/photos/149274084;45.47;-73.77;8
149269299;Asclepias syriaca;0;https://www.inaturalist.org/photos/149269299;45.47999999999999;-73.77;8
310203078;Asclepias syriaca;0;https://www.inaturalist.org/photos/310203078;45.56;-73.55;8
412319941;Asclepias syriaca;0;https://www.inaturalist.org/photos/412319941;45.50999999999999;-73.57;7
225555540;Asclepias syriaca;0;https://www.inaturalist.org/photos/225555540;45.53;-73.56;8
391730168;Asclepias syriaca;0;https://www.inaturalist.org/photos/391730168;45.56;-73.54;6
149270328;Asclepias syriaca;0;https://www.inaturalist.org/photos/149270328;45.47999999999999;-73.77;8
200660288;Asclepias syriaca;0;https://www.inaturalist.org/photos/200660288;45.650000000000006;-73.45;5
137635214;Asclepias syriaca;0;https://www.inaturalist.org/photos/137635214;45.74000000000001;-74.55;6
149275746;Asclepias syriaca;0;https://www.inaturalist.org/photos/149275746;45.47;-73.77;8
149275303;Asclepias syriaca;0;https://www.inaturalist.org/photos/149275303;45.47;-73.77;8
389234814;Asclepias syriaca;0;https://www.inaturalist.org/photos/389234814;45.56;-73.53;5
288146334;Asclepias syriaca;0;https://www.inaturalist.org/photos/288146334;45.629999999999995;-73.81;6
438920109;Asclepias syriaca;0;https://www.inaturalist.org/photos/438920109;45.599999999999994;-73.64;10
228178348;Asclepias syriaca;0;https://www.inaturalist.org/photos/228178348;45.360000000000014;-73.45;9
302479960;Asclepias syriaca;0;https://www.inaturalist.org/photos/302479960;45.400000000000006;-73.17;7
396243378;Asclepias syriaca;0;https://www.inaturalist.org/photos/396243378;45.620000000000005;-73.46;6
285193401;Asclepias syriaca;0;https://www.inaturalist.org/photos/285193401;45.72999999999999;-74.17;5
10112634;Asclepias syriaca;0;https://www.inaturalist.org/photos/10112634;45.80000000000001;-74.59;8
434727914;Asclepias syriaca;0;https://www.inaturalist.org/photos/434727914;45.50999999999999;-73.46;9
42137107;Asclepias syriaca;0;https://www.inaturalist.org/photos/42137107;45.56;-74.53;6
425254031;Asclepias syriaca;0;https://www.inaturalist.org/photos/425254031;45.53;-73.6;8
149266624;Asclepias syriaca;0;https://www.inaturalist.org/photos/149266624;45.47999999999999;-73.77;8
149275221;Asclepias syriaca;0;https://www.inaturalist.org/photos/149275221;45.47;-73.77;8
412344897;Asclepias syriaca;0;https://www.inaturalist.org/photos/412344897;45.47999999999999;-73.77;7
93270880;Asclepias syriaca;0;https://www.inaturalist.org/photos/93270880;45.55000000000001;-73.55;9
305975621;Asclepias syriaca;0;https://www.inaturalist.org/photos/305975621;45.66;-74.33;7
379666781;Asclepias syriaca;0;https://www.inaturalist.org/photos/379666781;45.379999999999995;-73.96;5
149275244;Asclepias syriaca;0;https://www.inaturalist.org/photos/149275244;45.47;-73.77;8
318983909;Asclepias syriaca;0;https://www.inaturalist.org/photos/318983909;45.599999999999994;-73.41;9
149265032;Asclepias syriaca;0;https://www.inaturalist.org/photos/149265032;45.47999999999999;-73.77;8
285720852;Asclepias syriaca;0;https://www.inaturalist.org/photos/285720852;45.629999999999995;-73.81;6
149267953;Asclepias syriaca;0;https://www.inaturalist.org/photos/149267953;45.47999999999999;-73.77;8
286466147;Asclepias syriaca;0;https://www.inaturalist.org/photos/286466147;45.629999999999995;-73.81;6
286471117;Asclepias syriaca;0;https://www.inaturalist.org/photos/286471117;45.629999999999995;-73.8;6
148438533;Asclepias syriaca;0;https://www.inaturalist.org/photos/148438533;45.47;-73.78;8
148439485;Asclepias syriaca;0;https://www.inaturalist.org/photos/148439485;45.47;-73.78;8
219251235;Asclepias syriaca;0;https://www.inaturalist.org/photos/219251235;45.55000000000001;-73.6;8
395668161;Asclepias syriaca;0;https://www.inaturalist.org/photos/395668161;45.389999999999986;-72.23;6
421516831;Asclepias syriaca;0;https://www.inaturalist.org/photos/421516831;45.52000000000001;-73.6;8
416231268;Asclepias syriaca;0;https://www.inaturalist.org/photos/416231268;45.66999999999999;-73.6;8
394214792;Asclepias syriaca;0;https://www.inaturalist.org/photos/394214792;45.34;-72.81;6
158411493;Asclepias syriaca;0;https://www.inaturalist.org/photos/158411493;45.389999999999986;-73.75;9
309796381;Asclepias syriaca;0;https://www.inaturalist.org/photos/309796381;45.47;-73.92;8
204076472;Asclepias syriaca;0;https://www.inaturalist.org/photos/204076472;45.44;-73.45;6
410381690;Asclepias syriaca;0;https://www.inaturalist.org/photos/410381690;45.41;-73.24;7
77128392;Asclepias syriaca;0;https://www.inaturalist.org/photos/77128392;45.55000000000001;-73.47;6
391730147;Asclepias syriaca;0;https://www.inaturalist.org/photos/391730147;45.56;-73.54;6
150233073;Asclepias syriaca;0;https://www.inaturalist.org/photos/150233073;45.91999999999999;-74.66;8
298798652;Asclepias syriaca;0;https://www.inaturalist.org/photos/298798652;45.46000000000001;-73.57;7
216192214;Asclepias syriaca;0;https://www.inaturalist.org/photos/216192214;45.47999999999999;-73.77;7
288743984;Asclepias syriaca;0;https://www.inaturalist.org/photos/288743984;45.629999999999995;-73.8;6
149263145;Asclepias syriaca;0;https://www.inaturalist.org/photos/149263145;45.47999999999999;-73.77;8
135974938;Asclepias syriaca;0;https://www.inaturalist.org/photos/135974938;46.02000000000001;-74.26;6
96801319;Asclepias syriaca;0;https://www.inaturalist.org/photos/96801319;45.44;-73.61;9
41923072;Asclepias syriaca;0;https://www.inaturalist.org/photos/41923072;45.53999999999999;-73.55;6
416417578;Asclepias syriaca;0;https://www.inaturalist.org/photos/416417578;45.56;-73.53;8
149280308;Asclepias syriaca;0;https://www.inaturalist.org/photos/149280308;45.47999999999999;-73.78;8
148441525;Asclepias syriaca;0;https://www.inaturalist.org/photos/148441525;45.47;-73.78;8
149268389;Asclepias syriaca;0;https://www.inaturalist.org/photos/149268389;45.47999999999999;-73.77;8
435199419;Asclepias syriaca;0;https://www.inaturalist.org/photos/435199419;45.49000000000001;-73.59;9
387050298;Asclepias syriaca;0;https://www.inaturalist.org/photos/387050298;45.629999999999995;-73.81;5
148440537;Asclepias syriaca;0;https://www.inaturalist.org/photos/148440537;45.47;-73.78;8
398870815;Asclepias syriaca;0;https://www.inaturalist.org/photos/398870815;46.06999999999999;-71.98;5
160141828;Asclepias syriaca;0;https://www.inaturalist.org/photos/160141828;45.389999999999986;-73.76;9
409823327;Asclepias syriaca;0;https://www.inaturalist.org/photos/409823327;45.59;-73.62;7
149268287;Asclepias syriaca;0;https://www.inaturalist.org/photos/149268287;45.47999999999999;-73.77;8
308101413;Asclepias syriaca;0;https://www.inaturalist.org/photos/308101413;45.53;-73.59;8
87510981;Asclepias syriaca;0;https://www.inaturalist.org/photos/87510981;45.41;-73.93;7
137047968;Asclepias syriaca;0;https://www.inaturalist.org/photos/137047968;45.59;-73.45;6
149266808;Asclepias syriaca;0;https://www.inaturalist.org/photos/149266808;45.47999999999999;-73.77;8
291963197;Asclepias syriaca;0;https://www.inaturalist.org/photos/291963197;45.639999999999986;-73.81;6
290068196;Asclepias syriaca;0;https://www.inaturalist.org/photos/290068196;45.629999999999995;-73.81;6
149274258;Asclepias syriaca;0;https://www.inaturalist.org/photos/149274258;45.47;-73.77;8
390960436;Asclepias syriaca;0;https://www.inaturalist.org/photos/390960436;45.55000000000001;-73.54;6
161297206;Asclepias syriaca;0;https://www.inaturalist.org/photos/161297206;45.49000000000001;-73.54;10
391953496;Asclepias syriaca;0;https://www.inaturalist.org/photos/391953496;45.91;-72.52;6
223104579;Asclepias syriaca;0;https://www.inaturalist.org/photos/223104579;45.639999999999986;-73.78;8
315092584;Asclepias syriaca;0;https://www.inaturalist.org/photos/315092584;45.25999999999999;-72.23;8
428981889;Asclepias syriaca;0;https://www.inaturalist.org/photos/428981889;45.46000000000001;-73.6;9
290397241;Asclepias syriaca;0;https://www.inaturalist.org/photos/290397241;45.629999999999995;-73.81;6
393072729;Asclepias syriaca;0;https://www.inaturalist.org/photos/393072729;45.55000000000001;-73.57;6
415121603;Asclepias syriaca;0;https://www.inaturalist.org/photos/415121603;45.47;-73.77;8
424924337;Asclepias syriaca;0;https://www.inaturalist.org/photos/424924337;45.52000000000001;-73.67;8
89185066;Asclepias syriaca;0;https://www.inaturalist.org/photos/89185066;45.97999999999999;-74.11;8
148440382;Asclepias syriaca;0;https://www.inaturalist.org/photos/148440382;45.47;-73.78;8
149269362;Asclepias syriaca;0;https://www.inaturalist.org/photos/149269362;45.47999999999999;-73.77;8
394217307;Asclepias syriaca;0;https://www.inaturalist.org/photos/394217307;46.389999999999986;-72.54;6
149277104;Asclepias syriaca;0;https://www.inaturalist.org/photos/149277104;45.47;-73.77;8
91369045;Asclepias syriaca;0;https://www.inaturalist.org/photos/91369045;45.72;-73.5;8
155636065;Asclepias syriaca;0;https://www.inaturalist.org/photos/155636065;45.52000000000001;-73.52;9
288146927;Asclepias syriaca;0;https://www.inaturalist.org/photos/288146927;45.629999999999995;-73.81;6
308193018;Asclepias syriaca;0;https://www.inaturalist.org/photos/308193018;45.53;-73.9;8
409270687;Asclepias syriaca;0;https://www.inaturalist.org/photos/409270687;45.34;-72.78;7
416273795;Asclepias syriaca;0;https://www.inaturalist.org/photos/416273795;45.53;-73.53;8
77694301;Asclepias syriaca;0;https://www.inaturalist.org/photos/77694301;45.44999999999999;-73.57;6
390101868;Asclepias syriaca;0;https://www.inaturalist.org/photos/390101868;45.50999999999999;-72.79;6
149278822;Asclepias syriaca;0;https://www.inaturalist.org/photos/149278822;45.47;-73.78;8
85904230;Asclepias syriaca;0;https://www.inaturalist.org/photos/85904230;45.72;-73.65;7
81467077;Asclepias syriaca;0;https://www.inaturalist.org/photos/81467077;45.599999999999994;-73.42;6
149279672;Asclepias syriaca;0;https://www.inaturalist.org/photos/149279672;45.47;-73.78;8
149261956;Asclepias syriaca;0;https://www.inaturalist.org/photos/149261956;45.47999999999999;-73.77;8
391672872;Asclepias syriaca;0;https://www.inaturalist.org/photos/391672872;45.53999999999999;-73.33;6
393061556;Asclepias syriaca;0;https://www.inaturalist.org/photos/393061556;45.55000000000001;-73.57;6
389238287;Asclepias syriaca;0;https://www.inaturalist.org/photos/389238287;45.56999999999999;-73.54;6
412714847;Asclepias syriaca;0;https://www.inaturalist.org/photos/412714847;45.47999999999999;-73.76;7
400677042;Asclepias syriaca;0;https://www.inaturalist.org/photos/400677042;45.58000000000001;-73.66;6
149274740;Asclepias syriaca;0;https://www.inaturalist.org/photos/149274740;45.47;-73.77;8
75517929;Asclepias syriaca;0;https://www.inaturalist.org/photos/75517929;45.400000000000006;-73.47;5
425568891;Asclepias syriaca;0;https://www.inaturalist.org/photos/425568891;45.47;-73.59;8
389230199;Asclepias syriaca;0;https://www.inaturalist.org/photos/389230199;45.56;-73.53;6
389227805;Asclepias syriaca;0;https://www.inaturalist.org/photos/389227805;45.56;-73.53;6
225555449;Asclepias syriaca;0;https://www.inaturalist.org/photos/225555449;45.53999999999999;-73.63;8
149280420;Asclepias syriaca;0;https://www.inaturalist.org/photos/149280420;45.47999999999999;-73.78;8
417753206;Asclepias syriaca;0;https://www.inaturalist.org/photos/417753206;45.71000000000001;-73.94;8
95553043;Asclepias syriaca;0;https://www.inaturalist.org/photos/95553043;45.58000000000001;-73.66;9
287190908;Asclepias syriaca;0;https://www.inaturalist.org/photos/287190908;45.53;-73.6;6
149268449;Asclepias syriaca;0;https://www.inaturalist.org/photos/149268449;45.47999999999999;-73.77;8
149278986;Asclepias syriaca;0;https://www.inaturalist.org/photos/149278986;45.47;-73.78;8
290107199;Asclepias syriaca;0;https://www.inaturalist.org/photos/290107199;45.629999999999995;-73.81;6
149270510;Asclepias syriaca;0;https://www.inaturalist.org/photos/149270510;45.47999999999999;-73.77;8
149275060;Asclepias syriaca;0;https://www.inaturalist.org/photos/149275060;45.47;-73.77;8
389133409;Asclepias syriaca;0;https://www.inaturalist.org/photos/389133409;45.53999999999999;-73.86;6
149278808;Asclepias syriaca;0;https://www.inaturalist.org/photos/149278808;45.47;-73.78;8
387647215;Asclepias syriaca;0;https://www.inaturalist.org/photos/387647215;45.629999999999995;-73.81;5
148439536;Asclepias syriaca;0;https://www.inaturalist.org/photos/148439536;45.47;-73.78;8
148441534;Asclepias syriaca;0;https://www.inaturalist.org/photos/148441534;45.47;-73.78;8
286244924;Asclepias syriaca;0;https://www.inaturalist.org/photos/286244924;45.629999999999995;-73.8;6
149263111;Asclepias syriaca;0;https://www.inaturalist.org/photos/149263111;45.47999999999999;-73.77;8
82387390;Asclepias syriaca;0;https://www.inaturalist.org/photos/82387390;45.81999999999999;-74.03;7
431149197;Asclepias syriaca;0;https://www.inaturalist.org/photos/431149197;45.41;-74.05;9
431117957;Asclepias syriaca;0;https://www.inaturalist.org/photos/431117957;45.53;-73.34;9
216187030;Asclepias syriaca;0;https://www.inaturalist.org/photos/216187030;45.47999999999999;-73.77;7
149266522;Asclepias syriaca;0;https://www.inaturalist.org/photos/149266522;45.47999999999999;-73.77;8
391191579;Asclepias syriaca;0;https://www.inaturalist.org/photos/391191579;45.56;-73.53;6
287862577;Asclepias syriaca;0;https://www.inaturalist.org/photos/287862577;45.629999999999995;-73.81;6
387616436;Asclepias syriaca;0;https://www.inaturalist.org/photos/387616436;45.629999999999995;-73.81;5
393377968;Asclepias syriaca;0;https://www.inaturalist.org/photos/393377968;45.56;-73.54;6
149268585;Asclepias syriaca;0;https://www.inaturalist.org/photos/149268585;45.47999999999999;-73.77;8
286470761;Asclepias syriaca;0;https://www.inaturalist.org/photos/286470761;45.629999999999995;-73.81;6
389194085;Asclepias syriaca;0;https://www.inaturalist.org/photos/389194085;45.49000000000001;-73.56;5
86845383;Asclepias syriaca;0;https://www.inaturalist.org/photos/86845383;45.5;-73.59;7
389229395;Asclepias syriaca;0;https://www.inaturalist.org/photos/389229395;45.56;-73.53;6
149275177;Asclepias syriaca;0;https://www.inaturalist.org/photos/149275177;45.47;-73.77;8
203559628;Asclepias syriaca;0;https://www.inaturalist.org/photos/203559628;46.08000000000001;-72.96;6
321962409;Asclepias syriaca;0;https://www.inaturalist.org/photos/321962409;45.53999999999999;-73.31;9
312978059;Asclepias syriaca;0;https://www.inaturalist.org/photos/312978059;45.120000000000005;-74.52;8
161905348;Asclepias syriaca;0;https://www.inaturalist.org/photos/161905348;46.379999999999995;-73.29;10
207415911;Asclepias syriaca;0;https://www.inaturalist.org/photos/207415911;45.72;-73.49;6
149275151;Asclepias syriaca;0;https://www.inaturalist.org/photos/149275151;45.47;-73.77;8
218636771;Asclepias syriaca;0;https://www.inaturalist.org/photos/218636771;45.46000000000001;-74.1;7
149266797;Asclepias syriaca;0;https://www.inaturalist.org/photos/149266797;45.47999999999999;-73.77;8
166350687;Asclepias syriaca;0;https://www.inaturalist.org/photos/166350687;45.379999999999995;-73.76;10
148442594;Asclepias syriaca;0;https://www.inaturalist.org/photos/148442594;45.47;-73.78;8
428966645;Asclepias syriaca;0;https://www.inaturalist.org/photos/428966645;45.52000000000001;-73.67;9
149276588;Asclepias syriaca;0;https://www.inaturalist.org/photos/149276588;45.47;-73.77;8
149274141;Asclepias syriaca;0;https://www.inaturalist.org/photos/149274141;45.47;-73.77;8
391905890;Asclepias syriaca;0;https://www.inaturalist.org/photos/391905890;45.55000000000001;-73.53;6
160141962;Asclepias syriaca;0;https://www.inaturalist.org/photos/160141962;45.389999999999986;-73.76;9
385384736;Asclepias syriaca;0;https://www.inaturalist.org/photos/385384736;45.629999999999995;-73.81;5
149270377;Asclepias syriaca;0;https://www.inaturalist.org/photos/149270377;45.47999999999999;-73.77;8
149270220;Asclepias syriaca;0;https://www.inaturalist.org/photos/149270220;45.47999999999999;-73.77;8
149275281;Asclepias syriaca;0;https://www.inaturalist.org/photos/149275281;45.47;-73.77;8
386327930;Asclepias syriaca;0;https://www.inaturalist.org/photos/386327930;45.47999999999999;-74.3;5
149268499;Asclepias syriaca;0;https://www.inaturalist.org/photos/149268499;45.47999999999999;-73.77;8
409294059;Asclepias syriaca;0;https://www.inaturalist.org/photos/409294059;45.349999999999994;-73.74;7
148442739;Asclepias syriaca;0;https://www.inaturalist.org/photos/148442739;45.47;-73.78;8
82387371;Asclepias syriaca;0;https://www.inaturalist.org/photos/82387371;45.81999999999999;-74.03;7
385619829;Asclepias syriaca;0;https://www.inaturalist.org/photos/385619829;45.56;-73.53;5
326910720;Asclepias syriaca;0;https://www.inaturalist.org/photos/326910720;45.389999999999986;-72.23;10
405374082;Asclepias syriaca;0;https://www.inaturalist.org/photos/405374082;45.44999999999999;-73.57;7
408967876;Asclepias syriaca;0;https://www.inaturalist.org/photos/408967876;45.47;-73.61;5
149268441;Asclepias syriaca;0;https://www.inaturalist.org/photos/149268441;45.47999999999999;-73.77;8
308552950;Asclepias syriaca;0;https://www.inaturalist.org/photos/308552950;46.09;-73.96;8
418100338;Asclepias syriaca;0;https://www.inaturalist.org/photos/418100338;45.71000000000001;-73.93;8
149263660;Asclepias syriaca;0;https://www.inaturalist.org/photos/149263660;45.47999999999999;-73.77;8
295395137;Asclepias syriaca;0;https://www.inaturalist.org/photos/295395137;45.97;-73.75;6
306596234;Asclepias syriaca;0;https://www.inaturalist.org/photos/306596234;45.44;-73.82;8
203051436;Asclepias syriaca;0;https://www.inaturalist.org/photos/203051436;45.44999999999999;-74.27;6
413290339;Asclepias syriaca;0;https://www.inaturalist.org/photos/413290339;45.56;-73.54;7
148441410;Asclepias syriaca;0;https://www.inaturalist.org/photos/148441410;45.47;-73.78;8
149265134;Asclepias syriaca;0;https://www.inaturalist.org/photos/149265134;45.47999999999999;-73.77;8
316520038;Asclepias syriaca;0;https://www.inaturalist.org/photos/316520038;45.56999999999999;-73.54;9
386000329;Asclepias syriaca;0;https://www.inaturalist.org/photos/386000329;45.879999999999995;-73.28;5
416920757;Asclepias syriaca;0;https://www.inaturalist.org/photos/416920757;45.71000000000001;-73.5;8
144695705;Asclepias syriaca;0;https://www.inaturalist.org/photos/144695705;45.68000000000001;-73.84;7
165594184;Asclepias syriaca;0;https://www.inaturalist.org/photos/165594184;45.50999999999999;-73.46;10
149274076;Asclepias syriaca;0;https://www.inaturalist.org/photos/149274076;45.47;-73.77;8
148137444;Asclepias syriaca;0;https://www.inaturalist.org/photos/148137444;45.72999999999999;-74.29;8
299280870;Asclepias syriaca;0;https://www.inaturalist.org/photos/299280870;45.629999999999995;-73.81;7
307520049;Asclepias syriaca;0;https://www.inaturalist.org/photos/307520049;45.28;-72.18;8
82894933;Asclepias syriaca;0;https://www.inaturalist.org/photos/82894933;45.53;-73.6;7
393492916;Asclepias syriaca;0;https://www.inaturalist.org/photos/393492916;45.55000000000001;-73.56;6
148441807;Asclepias syriaca;0;https://www.inaturalist.org/photos/148441807;45.47;-73.78;8
149262270;Asclepias syriaca;0;https://www.inaturalist.org/photos/149262270;45.47999999999999;-73.77;8
242406578;Asclepias syriaca;0;https://www.inaturalist.org/photos/242406578;45.629999999999995;-73.81;11
393028390;Asclepias syriaca;0;https://www.inaturalist.org/photos/393028390;46.08000000000001;-72.96;6
412715028;Asclepias syriaca;0;https://www.inaturalist.org/photos/412715028;45.47999999999999;-73.77;7
393624554;Asclepias syriaca;0;https://www.inaturalist.org/photos/393624554;45.099999999999994;-74.52;6
149274910;Asclepias syriaca;0;https://www.inaturalist.org/photos/149274910;45.47;-73.77;8
75517942;Asclepias syriaca;0;https://www.inaturalist.org/photos/75517942;45.400000000000006;-73.47;5
328487600;Asclepias syriaca;0;https://www.inaturalist.org/photos/328487600;45.52000000000001;-73.67;10
397673156;Asclepias syriaca;0;https://www.inaturalist.org/photos/397673156;45.71000000000001;-73.5;6
43621134;Asclepias syriaca;0;https://www.inaturalist.org/photos/43621134;45.44999999999999;-74.14;7
149279725;Asclepias syriaca;0;https://www.inaturalist.org/photos/149279725;45.47;-73.78;8
149269345;Asclepias syriaca;0;https://www.inaturalist.org/photos/149269345;45.47999999999999;-73.77;8
149266711;Asclepias syriaca;0;https://www.inaturalist.org/photos/149266711;45.47999999999999;-73.77;8
391905837;Asclepias syriaca;0;https://www.inaturalist.org/photos/391905837;45.55000000000001;-73.53;6
175684028;Asclepias syriaca;0;https://www.inaturalist.org/photos/175684028;45.599999999999994;-73.68;9
286452707;Asclepias syriaca;0;https://www.inaturalist.org/photos/286452707;45.629999999999995;-73.81;6
158600583;Asclepias syriaca;0;https://www.inaturalist.org/photos/158600583;45.52000000000001;-73.85;9
91078731;Asclepias syriaca;0;https://www.inaturalist.org/photos/91078731;45.53999999999999;-73.47;8
309085111;Asclepias syriaca;0;https://www.inaturalist.org/photos/309085111;45.52000000000001;-73.61;8
157774216;Asclepias syriaca;0;https://www.inaturalist.org/photos/157774216;45.50999999999999;-73.59;9
139391442;Asclepias syriaca;0;https://www.inaturalist.org/photos/139391442;46.389999999999986;-73.71;6
88924999;Asclepias syriaca;0;https://www.inaturalist.org/photos/88924999;46.00999999999999;-74.17;8
217983970;Asclepias syriaca;0;https://www.inaturalist.org/photos/217983970;45.44999999999999;-73.65;7
322445450;Asclepias syriaca;0;https://www.inaturalist.org/photos/322445450;45.71000000000001;-73.5;9
42010967;Asclepias syriaca;0;https://www.inaturalist.org/photos/42010967;45.68000000000001;-73.5;6
321600206;Asclepias syriaca;0;https://www.inaturalist.org/photos/321600206;45.53999999999999;-73.15;9
149271191;Asclepias syriaca;0;https://www.inaturalist.org/photos/149271191;45.47999999999999;-73.77;8
149274195;Asclepias syriaca;0;https://www.inaturalist.org/photos/149274195;45.47;-73.77;8
286459824;Asclepias syriaca;0;https://www.inaturalist.org/photos/286459824;45.639999999999986;-73.81;6
148440522;Asclepias syriaca;0;https://www.inaturalist.org/photos/148440522;45.47;-73.78;8
80812818;Asclepias syriaca;0;https://www.inaturalist.org/photos/80812818;45.56;-73.53;6
320315214;Asclepias syriaca;0;https://www.inaturalist.org/photos/320315214;45.55000000000001;-73.53;9
312751301;Asclepias syriaca;0;https://www.inaturalist.org/photos/312751301;45.629999999999995;-73.81;8
218164413;Asclepias syriaca;0;https://www.inaturalist.org/photos/218164413;45.33000000000001;-72.01;7
149274100;Asclepias syriaca;0;https://www.inaturalist.org/photos/149274100;45.47;-73.77;8
406091195;Asclepias syriaca;0;https://www.inaturalist.org/photos/406091195;45.91999999999999;-72.69;7
216187970;Asclepias syriaca;0;https://www.inaturalist.org/photos/216187970;45.47999999999999;-73.77;7
194410448;Asclepias syriaca;0;https://www.inaturalist.org/photos/194410448;45.33000000000001;-72.19;6
134694299;Asclepias syriaca;0;https://www.inaturalist.org/photos/134694299;45.58000000000001;-73.19;6
146837465;Asclepias syriaca;0;https://www.inaturalist.org/photos/146837465;45.5;-73.45;7
298587095;Asclepias syriaca;0;https://www.inaturalist.org/photos/298587095;45.58000000000001;-73.52;7
389234072;Asclepias syriaca;0;https://www.inaturalist.org/photos/389234072;45.56;-73.54;6
389240724;Asclepias syriaca;0;https://www.inaturalist.org/photos/389240724;45.56;-73.54;6
390951273;Asclepias syriaca;0;https://www.inaturalist.org/photos/390951273;45.56;-73.53;6
91717276;Asclepias syriaca;0;https://www.inaturalist.org/photos/91717276;45.5;-73.69;8
88924950;Asclepias syriaca;0;https://www.inaturalist.org/photos/88924950;46.00999999999999;-74.17;8
37632506;Asclepias syriaca;0;https://www.inaturalist.org/photos/37632506;45.53999999999999;-73.44;6
287858919;Asclepias syriaca;0;https://www.inaturalist.org/photos/287858919;45.629999999999995;-73.81;6
149279924;Asclepias syriaca;0;https://www.inaturalist.org/photos/149279924;45.47999999999999;-73.78;8
301211294;Asclepias syriaca;0;https://www.inaturalist.org/photos/301211294;45.629999999999995;-73.81;7
149276726;Asclepias syriaca;0;https://www.inaturalist.org/photos/149276726;45.47;-73.77;8
140957431;Asclepias syriaca;0;https://www.inaturalist.org/photos/140957431;45.47999999999999;-73.77;7
420514314;Asclepias syriaca;0;https://www.inaturalist.org/photos/420514314;45.639999999999986;-72.96;8
397673142;Asclepias syriaca;0;https://www.inaturalist.org/photos/397673142;45.71000000000001;-73.5;6
394377083;Asclepias syriaca;0;https://www.inaturalist.org/photos/394377083;45.53999999999999;-73.86;6
286467504;Asclepias syriaca;0;https://www.inaturalist.org/photos/286467504;45.629999999999995;-73.81;6
240666237;Asclepias syriaca;0;https://www.inaturalist.org/photos/240666237;45.56999999999999;-73.55;10
415738280;Asclepias syriaca;0;https://www.inaturalist.org/photos/415738280;45.47;-73.78;8
228952904;Asclepias syriaca;0;https://www.inaturalist.org/photos/228952904;45.44;-73.82;9
149270468;Asclepias syriaca;0;https://www.inaturalist.org/photos/149270468;45.47999999999999;-73.77;8
76947185;Asclepias syriaca;0;https://www.inaturalist.org/photos/76947185;45.05000000000001;-73.6;6
251385965;Asclepias syriaca;0;https://www.inaturalist.org/photos/251385965;45.44999999999999;-73.26;6
387849407;Asclepias syriaca;0;https://www.inaturalist.org/photos/387849407;45.41;-71.89;5
398870869;Asclepias syriaca;0;https://www.inaturalist.org/photos/398870869;46.06999999999999;-71.98;5
288146570;Asclepias syriaca;0;https://www.inaturalist.org/photos/288146570;45.629999999999995;-73.81;6
389241505;Asclepias syriaca;0;https://www.inaturalist.org/photos/389241505;45.56999999999999;-73.54;6
148441577;Asclepias syriaca;0;https://www.inaturalist.org/photos/148441577;45.47;-73.78;8
86437329;Asclepias syriaca;0;https://www.inaturalist.org/photos/86437329;45.56999999999999;-73.67;7
151057977;Asclepias syriaca;0;https://www.inaturalist.org/photos/151057977;45.53999999999999;-73.62;8
389234111;Asclepias syriaca;0;https://www.inaturalist.org/photos/389234111;45.56;-73.54;6
78725558;Asclepias syriaca;0;https://www.inaturalist.org/photos/78725558;45.610000000000014;-73.48;6
77901601;Asclepias syriaca;0;https://www.inaturalist.org/photos/77901601;45.360000000000014;-73.15;6
412498890;Asclepias syriaca;0;https://www.inaturalist.org/photos/412498890;45.56;-73.55;7
428960954;Asclepias syriaca;0;https://www.inaturalist.org/photos/428960954;45.52000000000001;-73.67;9
210809696;Asclepias syriaca;0;https://www.inaturalist.org/photos/210809696;46.06999999999999;-74.31;7
19517853;Asclepias syriaca;0;https://www.inaturalist.org/photos/19517853;45.55000000000001;-73.55;6
436691380;Asclepias syriaca;0;https://www.inaturalist.org/photos/436691380;45.53999999999999;-73.16;9
286675235;Asclepias syriaca;0;https://www.inaturalist.org/photos/286675235;45.47999999999999;-73.76;6
233798992;Asclepias syriaca;0;https://www.inaturalist.org/photos/233798992;45.53;-73.57;9
216188690;Asclepias syriaca;0;https://www.inaturalist.org/photos/216188690;45.47999999999999;-73.77;7
161902484;Asclepias syriaca;0;https://www.inaturalist.org/photos/161902484;46.03999999999999;-73.7;10
19765496;Asclepias syriaca;0;https://www.inaturalist.org/photos/19765496;45.18000000000001;-71.93;6
156962900;Asclepias syriaca;0;https://www.inaturalist.org/photos/156962900;45.30000000000001;-74.18;9
321356031;Asclepias syriaca;0;https://www.inaturalist.org/photos/321356031;45.52000000000001;-73.67;9
149270151;Asclepias syriaca;0;https://www.inaturalist.org/photos/149270151;45.47999999999999;-73.77;8
79058761;Asclepias syriaca;0;https://www.inaturalist.org/photos/79058761;45.69999999999999;-73.48;6
204156187;Asclepias syriaca;0;https://www.inaturalist.org/photos/204156187;45.53999999999999;-73.55;6
430989855;Asclepias syriaca;0;https://www.inaturalist.org/photos/430989855;45.610000000000014;-73.55;9
80772412;Asclepias syriaca;0;https://www.inaturalist.org/photos/80772412;45.05000000000001;-73.6;6
148441667;Asclepias syriaca;0;https://www.inaturalist.org/photos/148441667;45.47;-73.78;8
442183916;Asclepias syriaca;0;https://www.inaturalist.org/photos/442183916;46.19999999999999;-73.58;10
295395111;Asclepias syriaca;0;https://www.inaturalist.org/photos/295395111;45.97;-73.75;6
370876571;Asclepias syriaca;0;https://www.inaturalist.org/photos/370876571;45.50999999999999;-73.67;4
206338129;Asclepias syriaca;0;https://www.inaturalist.org/photos/206338129;46.31;-72.57;6
390577096;Asclepias syriaca;0;https://www.inaturalist.org/photos/390577096;45.58000000000001;-73.26;6
211492870;Asclepias syriaca;0;https://www.inaturalist.org/photos/211492870;45.55000000000001;-73.55;7
42727091;Asclepias syriaca;0;https://www.inaturalist.org/photos/42727091;45.50999999999999;-73.46;6
415368063;Asclepias syriaca;0;https://www.inaturalist.org/photos/415368063;45.53;-73.73;8
216946823;Asclepias syriaca;0;https://www.inaturalist.org/photos/216946823;45.56999999999999;-73.59;7
290212773;Asclepias syriaca;0;https://www.inaturalist.org/photos/290212773;45.56999999999999;-73.54;6
149275315;Asclepias syriaca;0;https://www.inaturalist.org/photos/149275315;45.47;-73.77;8
192591252;Asclepias syriaca;0;https://www.inaturalist.org/photos/192591252;45.47999999999999;-73.77;4
61153979;Asclepias syriaca;0;https://www.inaturalist.org/photos/61153979;46.08000000000001;-71.96;8
320400101;Asclepias syriaca;0;https://www.inaturalist.org/photos/320400101;45.43000000000001;-73.49;9
295538981;Asclepias syriaca;0;https://www.inaturalist.org/photos/295538981;45.44999999999999;-73.57;6
77509826;Asclepias syriaca;0;https://www.inaturalist.org/photos/77509826;45.389999999999986;-73.77;6
390101893;Asclepias syriaca;0;https://www.inaturalist.org/photos/390101893;45.50999999999999;-72.79;6
43993277;Asclepias syriaca;0;https://www.inaturalist.org/photos/43993277;45.50999999999999;-73.52;7
89683350;Asclepias syriaca;0;https://www.inaturalist.org/photos/89683350;45.599999999999994;-73.47;8
149266822;Asclepias syriaca;0;https://www.inaturalist.org/photos/149266822;45.47999999999999;-73.77;8
286463879;Asclepias syriaca;0;https://www.inaturalist.org/photos/286463879;45.639999999999986;-73.81;6
162252214;Asclepias syriaca;0;https://www.inaturalist.org/photos/162252214;45.50999999999999;-73.46;10
306845538;Asclepias syriaca;0;https://www.inaturalist.org/photos/306845538;45.44;-72.86;8
288885357;Asclepias syriaca;0;https://www.inaturalist.org/photos/288885357;45.78;-72.01;6
287751961;Asclepias syriaca;0;https://www.inaturalist.org/photos/287751961;45.629999999999995;-73.8;6
149266761;Asclepias syriaca;0;https://www.inaturalist.org/photos/149266761;45.47999999999999;-73.77;8
19639752;Asclepias syriaca;0;https://www.inaturalist.org/photos/19639752;45.55000000000001;-73.53;6
135766539;Asclepias syriaca;0;https://www.inaturalist.org/photos/135766539;45.43000000000001;-73.28;6
413290359;Asclepias syriaca;0;https://www.inaturalist.org/photos/413290359;45.56;-73.54;7
149277176;Asclepias syriaca;0;https://www.inaturalist.org/photos/149277176;45.47;-73.77;8
88924979;Asclepias syriaca;0;https://www.inaturalist.org/photos/88924979;46.00999999999999;-74.17;8
149262158;Asclepias syriaca;0;https://www.inaturalist.org/photos/149262158;45.47999999999999;-73.77;8
386017431;Asclepias syriaca;0;https://www.inaturalist.org/photos/386017431;45.41;-72.7;5
431117929;Asclepias syriaca;0;https://www.inaturalist.org/photos/431117929;45.53;-73.34;9
314756941;Asclepias syriaca;0;https://www.inaturalist.org/photos/314756941;45.50999999999999;-73.63;8
316506673;Asclepias syriaca;0;https://www.inaturalist.org/photos/316506673;45.56;-73.54;9
148441800;Asclepias syriaca;0;https://www.inaturalist.org/photos/148441800;45.47;-73.78;8
209944280;Asclepias syriaca;0;https://www.inaturalist.org/photos/209944280;45.41;-72.69;6
307112704;Asclepias syriaca;0;https://www.inaturalist.org/photos/307112704;45.849999999999994;-73.44;8
103763396;Asclepias syriaca;0;https://www.inaturalist.org/photos/103763396;45.52000000000001;-73.57;9
222362687;Asclepias syriaca;0;https://www.inaturalist.org/photos/222362687;45.5;-73.58;8
149263829;Asclepias syriaca;0;https://www.inaturalist.org/photos/149263829;45.47999999999999;-73.77;8
149262806;Asclepias syriaca;0;https://www.inaturalist.org/photos/149262806;45.47999999999999;-73.77;8
328995814;Asclepias syriaca;0;https://www.inaturalist.org/photos/328995814;45.50999999999999;-73.81;10
22737900;Asclepias syriaca;0;https://www.inaturalist.org/photos/22737900;45.94;-74.12;8
420896032;Asclepias syriaca;0;https://www.inaturalist.org/photos/420896032;45.53999999999999;-73.87;8
156355499;Asclepias syriaca;0;https://www.inaturalist.org/photos/156355499;45.52000000000001;-73.27;9
286352428;Asclepias syriaca;0;https://www.inaturalist.org/photos/286352428;45.47999999999999;-73.36;6
149263425;Asclepias syriaca;0;https://www.inaturalist.org/photos/149263425;45.47999999999999;-73.77;8
432080678;Asclepias syriaca;0;https://www.inaturalist.org/photos/432080678;45.53;-73.6;9
313856215;Asclepias syriaca;0;https://www.inaturalist.org/photos/313856215;45.50999999999999;-73.58;8
286463457;Asclepias syriaca;0;https://www.inaturalist.org/photos/286463457;45.639999999999986;-73.81;6
150455058;Asclepias syriaca;0;https://www.inaturalist.org/photos/150455058;45.47;-73.94;7
431391226;Asclepias syriaca;0;https://www.inaturalist.org/photos/431391226;45.610000000000014;-73.55;9
160323500;Asclepias syriaca;0;https://www.inaturalist.org/photos/160323500;45.47;-73.55;9
327099930;Asclepias syriaca;0;https://www.inaturalist.org/photos/327099930;45.52000000000001;-73.52;10
438616659;Asclepias syriaca;0;https://www.inaturalist.org/photos/438616659;45.71000000000001;-73.49;9
19335554;Asclepias syriaca;0;https://www.inaturalist.org/photos/19335554;45.639999999999986;-73.87;6
287860086;Asclepias syriaca;0;https://www.inaturalist.org/photos/287860086;45.629999999999995;-73.81;6
412368675;Asclepias syriaca;0;https://www.inaturalist.org/photos/412368675;45.03999999999999;-74.67;7
218501784;Asclepias syriaca;0;https://www.inaturalist.org/photos/218501784;45.31999999999999;-74.61;7
391691299;Asclepias syriaca;0;https://www.inaturalist.org/photos/391691299;45.55000000000001;-73.58;6
394250634;Asclepias syriaca;0;https://www.inaturalist.org/photos/394250634;45.44999999999999;-73.28;6
149275879;Asclepias syriaca;0;https://www.inaturalist.org/photos/149275879;45.47;-73.77;8
205204945;Asclepias syriaca;0;https://www.inaturalist.org/photos/205204945;45.53999999999999;-73.82;6
393866434;Asclepias syriaca;0;https://www.inaturalist.org/photos/393866434;45.53999999999999;-73.54;6
389227760;Asclepias syriaca;0;https://www.inaturalist.org/photos/389227760;45.56;-73.53;6
205333776;Asclepias syriaca;0;https://www.inaturalist.org/photos/205333776;45.16;-72.39;6
393061832;Asclepias syriaca;0;https://www.inaturalist.org/photos/393061832;45.55000000000001;-73.57;6
284742349;Asclepias syriaca;0;https://www.inaturalist.org/photos/284742349;45.629999999999995;-73.8;5
389256395;Asclepias syriaca;0;https://www.inaturalist.org/photos/389256395;45.56;-73.53;6
291450961;Asclepias syriaca;0;https://www.inaturalist.org/photos/291450961;45.47;-73.57;6
207220847;Asclepias syriaca;0;https://www.inaturalist.org/photos/207220847;45.81999999999999;-73.77;6
205149635;Asclepias syriaca;0;https://www.inaturalist.org/photos/205149635;46.30000000000001;-72.59;6
149280320;Asclepias syriaca;0;https://www.inaturalist.org/photos/149280320;45.47999999999999;-73.78;8
292397088;Asclepias syriaca;0;https://www.inaturalist.org/photos/292397088;45.44;-73.82;6
149278848;Asclepias syriaca;0;https://www.inaturalist.org/photos/149278848;45.47;-73.78;8
409823387;Asclepias syriaca;0;https://www.inaturalist.org/photos/409823387;45.59;-73.62;7
234339350;Asclepias syriaca;0;https://www.inaturalist.org/photos/234339350;45.94;-74.31;10
149262795;Asclepias syriaca;0;https://www.inaturalist.org/photos/149262795;45.47999999999999;-73.77;8
149279010;Asclepias syriaca;0;https://www.inaturalist.org/photos/149279010;45.47;-73.78;8
431427193;Asclepias syriaca;0;https://www.inaturalist.org/photos/431427193;46.19999999999999;-73.51;9
410808240;Asclepias syriaca;0;https://www.inaturalist.org/photos/410808240;45.47;-71.93;6
148439563;Asclepias syriaca;0;https://www.inaturalist.org/photos/148439563;45.47;-73.78;8
148442634;Asclepias syriaca;0;https://www.inaturalist.org/photos/148442634;45.47;-73.78;8
313472379;Asclepias syriaca;0;https://www.inaturalist.org/photos/313472379;45.400000000000006;-73.94;8
149279746;Asclepias syriaca;0;https://www.inaturalist.org/photos/149279746;45.47;-73.78;8
149275359;Asclepias syriaca;0;https://www.inaturalist.org/photos/149275359;45.47;-73.77;8
149276930;Asclepias syriaca;0;https://www.inaturalist.org/photos/149276930;45.47;-73.77;8
149279313;Asclepias syriaca;0;https://www.inaturalist.org/photos/149279313;45.47;-73.78;8
430464417;Asclepias syriaca;0;https://www.inaturalist.org/photos/430464417;45.53;-73.57;9
218210902;Asclepias syriaca;0;https://www.inaturalist.org/photos/218210902;45.19999999999999;-72.01;7
413290381;Asclepias syriaca;0;https://www.inaturalist.org/photos/413290381;45.56;-73.54;7
50727902;Asclepias syriaca;0;https://www.inaturalist.org/photos/50727902;45.53999999999999;-73.15;8
286469706;Asclepias syriaca;0;https://www.inaturalist.org/photos/286469706;45.629999999999995;-73.81;6
130565880;Asclepias syriaca;0;https://www.inaturalist.org/photos/130565880;45.56;-73.21;5
