photo_id,species,marked,inat_url,latitude,longitude,month
162252214,Asclepias syriaca,1,https://www.inaturalist.org/photos/162252214,45.50999999999999,-73.46,10
233798992,Asclepias syriaca,1,https://www.inaturalist.org/photos/233798992,45.53,-73.57,9
428912564,Asclepias syriaca,1,https://www.inaturalist.org/photos/428912564,45.5,-73.59,10
325083047,Asclepias syriaca,0,https://www.inaturalist.org/photos/325083047,45.52000000000001,-73.67,10
430491407,Asclepias syriaca,1,https://www.inaturalist.org/photos/430491407,45.50999999999999,-73.65,9
11336260,Asclepias syriaca,1,https://www.inaturalist.org/photos/11336260,45.31,-74.64,10
325890962,Asclepias syriaca,1,https://www.inaturalist.org/photos/325890962,45.629999999999995,-73.81,10
431808583,Asclepias syriaca,1,https://www.inaturalist.org/photos/431808583,45.47,-73.85,9
362030386,Asclepias syriaca,1,https://www.inaturalist.org/photos/362030386,46.05000000000001,-74.19,3
325884144,Asclepias syriaca,1,https://www.inaturalist.org/photos/325884144,45.56,-73.54,10
151087307,Asclepias syriaca,1,https://www.inaturalist.org/photos/151087307,45.53999999999999,-73.63,8
236437758,Asclepias syriaca,1,https://www.inaturalist.org/photos/236437758,45.43000000000001,-73.83,10
357332186,Asclepias syriaca,1,https://www.inaturalist.org/photos/357332186,45.33000000000001,-73.27,3
242215956,Asclepias syriaca,1,https://www.inaturalist.org/photos/242215956,45.629999999999995,-73.81,11
435199419,Asclepias syriaca,0,https://www.inaturalist.org/photos/435199419,45.49000000000001,-73.59,9
322791902,Asclepias syriaca,1,https://www.inaturalist.org/photos/322791902,45.49000000000001,-73.59,9
54111674,Asclepias syriaca,1,https://www.inaturalist.org/photos/54111674,45.34,-72.04,10
435528048,Asclepias syriaca,0,https://www.inaturalist.org/photos/435528048,45.599999999999994,-73.55,8
320710940,Asclepias syriaca,1,https://www.inaturalist.org/photos/320710940,45.650000000000006,-73.45,9
242550875,Asclepias syriaca,1,https://www.inaturalist.org/photos/242550875,45.629999999999995,-73.81,11
430490985,,1,https://www.inaturalist.org/photos/430490985,45.5,-73.58,9
331818232,Asclepias syriaca,0,https://www.inaturalist.org/photos/331818232,45.44,-73.76,10
236403594,Asclepias syriaca,1,https://www.inaturalist.org/photos/236403594,45.66,-73.53,10
99167256,Asclepias syriaca,1,https://www.inaturalist.org/photos/99167256,45.77000000000001,-73.35,10
240666237,Asclepias syriaca,1,https://www.inaturalist.org/photos/240666237,45.56999999999999,-73.55,10
54111685,Asclepias syriaca,1,https://www.inaturalist.org/photos/54111685,45.34,-72.04,10
243268563,Asclepias syriaca,1,https://www.inaturalist.org/photos/243268563,45.56,-73.53,11
199999869,,1,https://www.inaturalist.org/photos/199999869,45.49000000000001,-73.5,7
142506070,Asclepias syriaca,1,https://www.inaturalist.org/photos/142506070,45.150000000000006,-71.79,9
102409152,Asclepias syriaca,1,https://www.inaturalist.org/photos/102409152,45.379999999999995,-73.26,10
160141962,Asclepias syriaca,1,https://www.inaturalist.org/photos/160141962,45.389999999999986,-73.76,9
54111661,Asclepias syriaca,1,https://www.inaturalist.org/photos/54111661,45.34,-72.04,10
337789930,Asclepias syriaca,1,https://www.inaturalist.org/photos/337789930,45.50999999999999,-73.46,11
439206042,Asclepias syriaca,1,https://www.inaturalist.org/photos/439206042,45.629999999999995,-73.81,10
442183916,Asclepias syriaca,1,https://www.inaturalist.org/photos/442183916,46.19999999999999,-73.58,10
390375193,Asclepias syriaca,1,https://www.inaturalist.org/photos/390375193,45.44999999999999,-73.26,10
236437967,Asclepias syriaca,1,https://www.inaturalist.org/photos/236437967,45.43000000000001,-73.83,10
439147040,Asclepias syriaca,1,https://www.inaturalist.org/photos/439147040,45.44,-74.28,10
434613260,Asclepias syriaca,1,https://www.inaturalist.org/photos/434613260,45.629999999999995,-73.8,9
165594184,Asclepias syriaca,1,https://www.inaturalist.org/photos/165594184,45.50999999999999,-73.46,10
323164799,Asclepias syriaca,1,https://www.inaturalist.org/photos/323164799,45.56,-73.53,9
225452616,Asclepias syriaca,1,https://www.inaturalist.org/photos/225452616,45.25999999999999,-72.14,7
430508063,Asclepias syriaca,1,https://www.inaturalist.org/photos/430508063,45.5,-73.58,9
27301804,Asclepias syriaca,1,https://www.inaturalist.org/photos/27301804,45.24000000000001,-72.45,10
243110890,Asclepias syriaca,0,https://www.inaturalist.org/photos/243110890,45.53,-73.62,11
347590777,Asclepias incarnata,1,https://www.inaturalist.org/photos/347590777,45.55000000000001,-74.42,8
322791894,Asclepias syriaca,1,https://www.inaturalist.org/photos/322791894,45.49000000000001,-73.59,9
322268790,Asclepias syriaca,1,https://www.inaturalist.org/photos/322268790,45.53999999999999,-73.15,9
243268597,Asclepias syriaca,1,https://www.inaturalist.org/photos/243268597,45.56,-73.53,11
103476794,Asclepias syriaca,1,https://www.inaturalist.org/photos/103476794,45.49000000000001,-73.41,9
260694704,Asclepias syriaca,1,https://www.inaturalist.org/photos/260694704,45.33000000000001,-72.81,10
347025644,Asclepias syriaca,1,https://www.inaturalist.org/photos/347025644,45.389999999999986,-73.26,9
242240824,Asclepias syriaca,1,https://www.inaturalist.org/photos/242240824,45.629999999999995,-73.81,11
436695366,Asclepias syriaca,0,https://www.inaturalist.org/photos/436695366,45.53999999999999,-73.16,9
242551037,Asclepias syriaca,1,https://www.inaturalist.org/photos/242551037,45.629999999999995,-73.81,11
238563430,Asclepias syriaca,1,https://www.inaturalist.org/photos/238563430,45.66,-73.52,10
430981199,Asclepias syriaca,1,https://www.inaturalist.org/photos/430981199,45.610000000000014,-73.55,9
337454068,Asclepias syriaca,1,https://www.inaturalist.org/photos/337454068,45.53999999999999,-73.31,9
241634655,Asclepias syriaca,1,https://www.inaturalist.org/photos/241634655,45.56,-73.54,11
442183860,Asclepias syriaca,1,https://www.inaturalist.org/photos/442183860,46.19999999999999,-73.58,10
242547384,Asclepias syriaca,1,https://www.inaturalist.org/photos/242547384,45.629999999999995,-73.81,11
238786389,Asclepias syriaca,1,https://www.inaturalist.org/photos/238786389,45.25999999999999,-72.13,10
241634636,Asclepias syriaca,1,https://www.inaturalist.org/photos/241634636,45.56,-73.54,11
430155589,Asclepias syriaca,1,https://www.inaturalist.org/photos/430155589,45.50999999999999,-73.58,9
325884386,Asclepias syriaca,1,https://www.inaturalist.org/photos/325884386,45.56,-73.54,10
240666139,Asclepias syriaca,1,https://www.inaturalist.org/photos/240666139,45.56999999999999,-73.55,10
428912363,Asclepias syriaca,1,https://www.inaturalist.org/photos/428912363,45.5,-73.59,10
239411651,Asclepias syriaca,1,https://www.inaturalist.org/photos/239411651,45.629999999999995,-73.81,10
242038963,Asclepias syriaca,1,https://www.inaturalist.org/photos/242038963,45.47999999999999,-73.77,11
436342184,Asclepias syriaca,1,https://www.inaturalist.org/photos/436342184,45.56999999999999,-73.54,9
55473043,Asclepias syriaca,1,https://www.inaturalist.org/photos/55473043,45.639999999999986,-73.33,10
430491850,Asclepias syriaca,1,https://www.inaturalist.org/photos/430491850,45.5,-73.58,9
242406578,Asclepias syriaca,1,https://www.inaturalist.org/photos/242406578,45.629999999999995,-73.81,11
149265556,Asclepias syriaca,0,https://www.inaturalist.org/photos/149265556,45.47999999999999,-73.77,8
176261888,Asclepias syriaca,1,https://www.inaturalist.org/photos/176261888,46.400000000000006,-72.66,10
332595733,Asclepias syriaca,1,https://www.inaturalist.org/photos/332595733,45.629999999999995,-73.8,10
430507512,Asclepias syriaca,1,https://www.inaturalist.org/photos/430507512,45.50999999999999,-73.57,9
242403732,Asclepias syriaca,1,https://www.inaturalist.org/photos/242403732,45.629999999999995,-73.81,11
323164812,Asclepias syriaca,1,https://www.inaturalist.org/photos/323164812,45.56,-73.53,9
176261778,Asclepias syriaca,1,https://www.inaturalist.org/photos/176261778,46.400000000000006,-72.66,10
347025642,Asclepias syriaca,1,https://www.inaturalist.org/photos/347025642,45.389999999999986,-73.26,9
349405606,Asclepias syriaca,1,https://www.inaturalist.org/photos/349405606,45.5,-73.64,10
103476804,Asclepias syriaca,1,https://www.inaturalist.org/photos/103476804,45.49000000000001,-73.41,9
53690824,Asclepias syriaca,1,https://www.inaturalist.org/photos/53690824,45.400000000000006,-71.89,10
350384706,Asclepias incarnata incarnata,1,https://www.inaturalist.org/photos/350384706,45.44999999999999,-73.27,9
315535541,Asclepias syriaca,1,https://www.inaturalist.org/photos/315535541,45.52000000000001,-73.67,8
241948361,Asclepias syriaca,1,https://www.inaturalist.org/photos/241948361,45.94,-74.31,11
159628985,Asclepias syriaca,0,https://www.inaturalist.org/photos/159628985,45.44,-73.46,9
241112743,Asclepias syriaca,1,https://www.inaturalist.org/photos/241112743,45.55000000000001,-73.69,10
332230748,Asclepias syriaca,1,https://www.inaturalist.org/photos/332230748,45.629999999999995,-73.81,10
242038803,Asclepias syriaca,1,https://www.inaturalist.org/photos/242038803,45.47999999999999,-73.77,11
423501373,Asclepias syriaca,0,https://www.inaturalist.org/photos/423501373,45.56,-73.54,8
242403085,Asclepias syriaca,1,https://www.inaturalist.org/photos/242403085,45.629999999999995,-73.81,11
440730612,Asclepias syriaca,1,https://www.inaturalist.org/photos/440730612,45.03999999999999,-74.46,10
430155527,Asclepias syriaca,1,https://www.inaturalist.org/photos/430155527,45.50999999999999,-73.58,9
439420911,Asclepias syriaca,1,https://www.inaturalist.org/photos/439420911,45.58000000000001,-73.53,10
323164841,Asclepias syriaca,1,https://www.inaturalist.org/photos/323164841,45.56,-73.53,9
54111680,Asclepias syriaca,1,https://www.inaturalist.org/photos/54111680,45.34,-72.04,10
102053134,Asclepias syriaca,1,https://www.inaturalist.org/photos/102053134,45.43000000000001,-73.47,9
192591252,Asclepias syriaca,1,https://www.inaturalist.org/photos/192591252,45.47999999999999,-73.77,4
101145142,Asclepias syriaca,1,https://www.inaturalist.org/photos/101145142,45.53,-73.98,10
430491618,Asclepias syriaca,1,https://www.inaturalist.org/photos/430491618,45.5,-73.58,9
436342203,Asclepias syriaca,1,https://www.inaturalist.org/photos/436342203,45.56999999999999,-73.54,9
425657811,Asclepias syriaca,1,https://www.inaturalist.org/photos/425657811,45.56,-73.53,8
221563072,Asclepias syriaca,0,https://www.inaturalist.org/photos/221563072,45.41999999999999,-73.97,8
425657606,Asclepias syriaca,1,https://www.inaturalist.org/photos/425657606,45.56,-73.53,8
430781146,Asclepias syriaca,1,https://www.inaturalist.org/photos/430781146,45.389999999999986,-73.77,9
328237164,Asclepias syriaca,0,https://www.inaturalist.org/photos/328237164,45.360000000000014,-73.93,10
430491658,Asclepias syriaca,1,https://www.inaturalist.org/photos/430491658,45.5,-73.58,9
322268763,Asclepias syriaca,1,https://www.inaturalist.org/photos/322268763,45.53999999999999,-73.15,9
179114870,Asclepias syriaca,1,https://www.inaturalist.org/photos/179114870,45.69,-73.64,2
430491593,Asclepias syriaca,1,https://www.inaturalist.org/photos/430491593,45.5,-73.58,9
430491467,Asclepias syriaca,1,https://www.inaturalist.org/photos/430491467,45.50999999999999,-73.65,9
353456395,Asclepias syriaca,1,https://www.inaturalist.org/photos/353456395,45.610000000000014,-73.24,2
239492744,Asclepias syriaca,0,https://www.inaturalist.org/photos/239492744,45.599999999999994,-73.55,10
239492744,Asclepias syriaca,0,https://www.inaturalist.org/photos/239492744,45.599999999999994,-73.55,10
149277973,Asclepias syriaca,1,https://www.inaturalist.org/photos/149277973,45.47,-73.77,8
242404251,Asclepias syriaca,1,https://www.inaturalist.org/photos/242404251,45.629999999999995,-73.81,11
337963860,Asclepias syriaca,1,https://www.inaturalist.org/photos/337963860,45.56,-73.61,11
241948382,Asclepias syriaca,1,https://www.inaturalist.org/photos/241948382,45.94,-74.31,11
176207274,Asclepias incarnata,1,https://www.inaturalist.org/photos/176207274,46.27000000000001,-72.81,9
166301228,Asclepias syriaca,1,https://www.inaturalist.org/photos/166301228,45.389999999999986,-73.75,10
320563706,Asclepias syriaca,1,https://www.inaturalist.org/photos/320563706,46.41,-72.5,9
102053142,Asclepias syriaca,1,https://www.inaturalist.org/photos/102053142,45.43000000000001,-73.47,9
438361895,Asclepias syriaca,1,https://www.inaturalist.org/photos/438361895,45.610000000000014,-73.76,10
28051348,Asclepias syriaca,1,https://www.inaturalist.org/photos/28051348,45.360000000000014,-73.92,10
442183886,Asclepias syriaca,1,https://www.inaturalist.org/photos/442183886,46.19999999999999,-73.58,10
64630400,Asclepias syriaca,1,https://www.inaturalist.org/photos/64630400,45.31,-72.72,10
430524494,Asclepias syriaca,1,https://www.inaturalist.org/photos/430524494,45.5,-73.58,9
228896800,Asclepias syriaca,0,https://www.inaturalist.org/photos/228896800,45.5,-72.32,9
238563460,Asclepias syriaca,1,https://www.inaturalist.org/photos/238563460,45.66,-73.52,10
430492074,Asclepias syriaca,1,https://www.inaturalist.org/photos/430492074,45.5,-73.58,9
328315224,Asclepias syriaca,1,https://www.inaturalist.org/photos/328315224,45.56999999999999,-73.54,10
169335851,Asclepias syriaca,0,https://www.inaturalist.org/photos/169335851,45.69,-73.51,7
167951491,Asclepias syriaca,1,https://www.inaturalist.org/photos/167951491,45.889999999999986,-74.18,11
435199376,Asclepias syriaca,0,https://www.inaturalist.org/photos/435199376,45.49000000000001,-73.59,9
240928784,Asclepias syriaca,1,https://www.inaturalist.org/photos/240928784,45.44999999999999,-73.43,10
163660519,Asclepias syriaca,1,https://www.inaturalist.org/photos/163660519,45.47999999999999,-73.76,10
240928802,Asclepias syriaca,1,https://www.inaturalist.org/photos/240928802,45.44999999999999,-73.43,10
85558965,Asclepias syriaca,0,https://www.inaturalist.org/photos/85558965,45.099999999999994,-73.23,7
424924337,Asclepias syriaca,0,https://www.inaturalist.org/photos/424924337,45.52000000000001,-73.67,8
239307219,Asclepias syriaca,1,https://www.inaturalist.org/photos/239307219,46.400000000000006,-72.5,10
436342222,Asclepias syriaca,1,https://www.inaturalist.org/photos/436342222,45.56999999999999,-73.54,9
349067767,Asclepias syriaca,1,https://www.inaturalist.org/photos/349067767,45.620000000000005,-72.98,1
167446898,Asclepias syriaca,1,https://www.inaturalist.org/photos/167446898,45.47999999999999,-73.38,11
351076892,Polanisia dodecandra dodecandra,0,https://www.inaturalist.org/photos/351076892,45.44999999999999,-73.27,8
131128873,,1,https://www.inaturalist.org/photos/131128873,45.75,-73.81,5
431667152,Asclepias syriaca,1,https://www.inaturalist.org/photos/431667152,45.53,-73.62,9
428966645,Asclepias syriaca,0,https://www.inaturalist.org/photos/428966645,45.52000000000001,-73.67,9
239676413,Asclepias syriaca,1,https://www.inaturalist.org/photos/239676413,45.400000000000006,-73.76,10
90322543,Lygaeus kalmii angustomarginatus,0,https://www.inaturalist.org/photos/90322543,45.620000000000005,-73.55,8
430153362,Asclepias syriaca,1,https://www.inaturalist.org/photos/430153362,45.50999999999999,-73.58,9
233411636,Asclepias syriaca,0,https://www.inaturalist.org/photos/233411636,45.44,-73.47,9
325883914,Asclepias syriaca,0,https://www.inaturalist.org/photos/325883914,45.629999999999995,-73.81,10
242550656,Asclepias syriaca,1,https://www.inaturalist.org/photos/242550656,45.629999999999995,-73.81,11
430542033,Asclepias syriaca,1,https://www.inaturalist.org/photos/430542033,45.5,-73.59,9
241879639,Asclepias syriaca,1,https://www.inaturalist.org/photos/241879639,46.03,-73.44,11
239676434,Asclepias syriaca,1,https://www.inaturalist.org/photos/239676434,45.400000000000006,-73.76,10
243012135,Asclepias syriaca,1,https://www.inaturalist.org/photos/243012135,45.629999999999995,-73.82,11
27301792,Asclepias syriaca,1,https://www.inaturalist.org/photos/27301792,45.24000000000001,-72.45,10
23684074,Asclepias syriaca,1,https://www.inaturalist.org/photos/23684074,45.47999999999999,-73.37,8
134694299,Asclepias syriaca,0,https://www.inaturalist.org/photos/134694299,45.58000000000001,-73.19,6
390375245,Asclepias syriaca,1,https://www.inaturalist.org/photos/390375245,45.44999999999999,-73.26,10
432807588,Asclepias syriaca,1,https://www.inaturalist.org/photos/432807588,46.389999999999986,-72.52,9
335184564,Asclepias syriaca,1,https://www.inaturalist.org/photos/335184564,45.629999999999995,-73.8,11
167951446,Asclepias syriaca,1,https://www.inaturalist.org/photos/167951446,45.889999999999986,-74.18,11
436342135,Asclepias syriaca,1,https://www.inaturalist.org/photos/436342135,45.56999999999999,-73.54,9
430490441,,1,https://www.inaturalist.org/photos/430490441,45.5,-73.58,9
318661338,Asclepias syriaca,0,https://www.inaturalist.org/photos/318661338,45.43000000000001,-73.59,9
149839898,Asclepias syriaca,0,https://www.inaturalist.org/photos/149839898,45.389999999999986,-74.18,8
430492242,Asclepias syriaca,1,https://www.inaturalist.org/photos/430492242,45.5,-73.58,9
331758150,Asclepias syriaca,1,https://www.inaturalist.org/photos/331758150,45.66999999999999,-73.5,10
425655773,Asclepias syriaca,0,https://www.inaturalist.org/photos/425655773,45.56,-73.53,8
331552796,Asclepias syriaca,1,https://www.inaturalist.org/photos/331552796,45.27000000000001,-72.06,10
158436145,Asclepias syriaca,0,https://www.inaturalist.org/photos/158436145,45.400000000000006,-73.76,9
429805720,Asclepias syriaca,1,https://www.inaturalist.org/photos/429805720,45.5,-73.58,9
160141977,Asclepias syriaca,0,https://www.inaturalist.org/photos/160141977,45.389999999999986,-73.76,9
430491874,Asclepias syriaca,1,https://www.inaturalist.org/photos/430491874,45.5,-73.58,9
417389864,Asclepias syriaca,0,https://www.inaturalist.org/photos/417389864,45.629999999999995,-73.5,8
158600583,Asclepias syriaca,0,https://www.inaturalist.org/photos/158600583,45.52000000000001,-73.85,9
243018472,Asclepias syriaca,1,https://www.inaturalist.org/photos/243018472,45.629999999999995,-73.82,11
430492149,Asclepias syriaca,1,https://www.inaturalist.org/photos/430492149,45.5,-73.58,9
149279102,Asclepias syriaca,0,https://www.inaturalist.org/photos/149279102,45.47,-73.78,8
242214260,Asclepias syriaca,1,https://www.inaturalist.org/photos/242214260,45.639999999999986,-73.81,11
329064760,Asclepias syriaca,1,https://www.inaturalist.org/photos/329064760,45.639999999999986,-73.61,10
104148565,Asclepias syriaca,1,https://www.inaturalist.org/photos/104148565,45.83000000000001,-74.19,9
417389795,Asclepias syriaca,0,https://www.inaturalist.org/photos/417389795,45.629999999999995,-73.5,8
439147252,Asclepias syriaca,1,https://www.inaturalist.org/photos/439147252,45.44,-74.28,10
430148971,Asclepias syriaca,1,https://www.inaturalist.org/photos/430148971,45.50999999999999,-73.58,9
149279193,Asclepias syriaca,0,https://www.inaturalist.org/photos/149279193,45.47,-73.78,8
93893818,Asclepias syriaca,0,https://www.inaturalist.org/photos/93893818,45.44,-73.27,9
323164828,Asclepias syriaca,1,https://www.inaturalist.org/photos/323164828,45.56,-73.53,9
324899022,Asclepias syriaca,0,https://www.inaturalist.org/photos/324899022,45.84,-73.24,10
390375266,Asclepias syriaca,1,https://www.inaturalist.org/photos/390375266,45.44999999999999,-73.26,10
325903940,Asclepias syriaca,1,https://www.inaturalist.org/photos/325903940,45.629999999999995,-73.8,10
239411794,Asclepias syriaca,1,https://www.inaturalist.org/photos/239411794,45.629999999999995,-73.81,10
242391352,Asclepias syriaca,1,https://www.inaturalist.org/photos/242391352,45.629999999999995,-73.8,11
223104579,Asclepias syriaca,0,https://www.inaturalist.org/photos/223104579,45.639999999999986,-73.78,8
149264022,Asclepias syriaca,0,https://www.inaturalist.org/photos/149264022,45.47999999999999,-73.77,8
321668482,Asclepias syriaca,0,https://www.inaturalist.org/photos/321668482,45.46000000000001,-73.64,9
420514314,Asclepias syriaca,0,https://www.inaturalist.org/photos/420514314,45.639999999999986,-72.96,8
431630459,Asclepias syriaca,0,https://www.inaturalist.org/photos/431630459,45.5,-73.58,9
238563402,Asclepias syriaca,0,https://www.inaturalist.org/photos/238563402,45.66,-73.52,10
316506663,Asclepias syriaca,0,https://www.inaturalist.org/photos/316506663,45.56,-73.54,9
224426301,Asclepias syriaca,0,https://www.inaturalist.org/photos/224426301,45.56,-73.67,8
167951469,Asclepias syriaca,0,https://www.inaturalist.org/photos/167951469,45.889999999999986,-74.18,11
242403587,Asclepias syriaca,0,https://www.inaturalist.org/photos/242403587,45.629999999999995,-73.81,11
236402953,Asclepias syriaca,0,https://www.inaturalist.org/photos/236402953,45.66,-73.53,10
380303707,Apocynum cannabinum,0,https://www.inaturalist.org/photos/380303707,45.56999999999999,-73.54,5
315533840,Asclepias syriaca,0,https://www.inaturalist.org/photos/315533840,45.52000000000001,-73.67,8
434928191,Asclepias syriaca,0,https://www.inaturalist.org/photos/434928191,45.49000000000001,-73.57,9
161297206,Asclepias syriaca,0,https://www.inaturalist.org/photos/161297206,45.49000000000001,-73.54,10
429487629,Asclepias syriaca,0,https://www.inaturalist.org/photos/429487629,45.5,-73.58,9
152312171,Asclepias syriaca,0,https://www.inaturalist.org/photos/152312171,45.41999999999999,-73.46,8
241948347,Asclepias syriaca,0,https://www.inaturalist.org/photos/241948347,45.94,-74.31,11
435528041,Asclepias syriaca,0,https://www.inaturalist.org/photos/435528041,45.599999999999994,-73.55,8
367052225,Apocynum cannabinum,0,https://www.inaturalist.org/photos/367052225,45.620000000000005,-72.98,4
149268441,Asclepias syriaca,0,https://www.inaturalist.org/photos/149268441,45.47999999999999,-73.77,8
242216189,Asclepias syriaca,0,https://www.inaturalist.org/photos/242216189,45.629999999999995,-73.81,11
149279239,Asclepias syriaca,0,https://www.inaturalist.org/photos/149279239,45.47,-73.78,8
242392017,Asclepias syriaca,0,https://www.inaturalist.org/photos/242392017,45.629999999999995,-73.8,11
320316516,Asclepias syriaca,0,https://www.inaturalist.org/photos/320316516,45.56,-73.53,9
236311341,Asclepias syriaca,0,https://www.inaturalist.org/photos/236311341,45.34,-72.02,10
431700646,Asclepias syriaca,0,https://www.inaturalist.org/photos/431700646,45.47,-73.57,9
439147344,Asclepias syriaca,0,https://www.inaturalist.org/photos/439147344,45.44,-74.28,10
241948367,Asclepias syriaca,0,https://www.inaturalist.org/photos/241948367,45.94,-74.31,11
321962314,Asclepias syriaca,0,https://www.inaturalist.org/photos/321962314,45.53999999999999,-73.31,9
242396411,Asclepias syriaca,0,https://www.inaturalist.org/photos/242396411,45.629999999999995,-73.81,11
220019416,Asclepias syriaca,0,https://www.inaturalist.org/photos/220019416,45.5,-73.57,8
439147128,Asclepias syriaca,0,https://www.inaturalist.org/photos/439147128,45.44,-74.28,10
97592330,Lygaeus kalmii angustomarginatus,0,https://www.inaturalist.org/photos/97592330,45.69999999999999,-73.5,9
233411690,Asclepias syriaca,0,https://www.inaturalist.org/photos/233411690,45.44,-73.47,9
321600206,Asclepias syriaca,0,https://www.inaturalist.org/photos/321600206,45.53999999999999,-73.15,9
320859221,Asclepias syriaca,0,https://www.inaturalist.org/photos/320859221,45.77000000000001,-74,9
149269362,Asclepias syriaca,0,https://www.inaturalist.org/photos/149269362,45.47999999999999,-73.77,8
148440378,Asclepias syriaca,0,https://www.inaturalist.org/photos/148440378,45.47,-73.78,8
103476782,Asclepias syriaca,0,https://www.inaturalist.org/photos/103476782,45.49000000000001,-73.41,9
430509386,Asclepias syriaca,0,https://www.inaturalist.org/photos/430509386,45.5,-73.58,9
176261934,Asclepias syriaca,0,https://www.inaturalist.org/photos/176261934,46.400000000000006,-72.66,10
312241235,Asclepias syriaca,0,https://www.inaturalist.org/photos/312241235,45.49000000000001,-73.59,8
325260993,Asclepias syriaca,0,https://www.inaturalist.org/photos/325260993,45.5,-73.41,10
315535480,Asclepias syriaca,0,https://www.inaturalist.org/photos/315535480,45.52000000000001,-73.67,8
353797518,Asclepias syriaca,0,https://www.inaturalist.org/photos/353797518,45.46000000000001,-73.26,11
313472379,Asclepias syriaca,0,https://www.inaturalist.org/photos/313472379,45.400000000000006,-73.94,8
214649923,Asclepias syriaca,0,https://www.inaturalist.org/photos/214649923,45.629999999999995,-73.81,7
243020730,Asclepias syriaca,0,https://www.inaturalist.org/photos/243020730,45.629999999999995,-73.82,11
353797521,Asclepias syriaca,0,https://www.inaturalist.org/photos/353797521,45.46000000000001,-73.26,11
321385049,Asclepias syriaca,0,https://www.inaturalist.org/photos/321385049,45.53999999999999,-73.15,9
271921601,Asclepias syriaca,0,https://www.inaturalist.org/photos/271921601,45.629999999999995,-73.81,4
160323500,Asclepias syriaca,0,https://www.inaturalist.org/photos/160323500,45.47,-73.55,9
326328281,Asclepias syriaca,0,https://www.inaturalist.org/photos/326328281,45.24000000000001,-74.01,10
236402936,Asclepias syriaca,0,https://www.inaturalist.org/photos/236402936,45.66,-73.53,10
99030185,Asclepias syriaca,0,https://www.inaturalist.org/photos/99030185,45.379999999999995,-73.26,10
430464417,Asclepias syriaca,0,https://www.inaturalist.org/photos/430464417,45.53,-73.57,9
166301245,Asclepias syriaca,0,https://www.inaturalist.org/photos/166301245,45.389999999999986,-73.75,10
12442657,Asclepias syriaca,0,https://www.inaturalist.org/photos/12442657,45.49000000000001,-73.55,12
301337785,Asclepias syriaca,0,https://www.inaturalist.org/photos/301337785,45.49000000000001,-73.56,7
335168751,Asclepias syriaca,0,https://www.inaturalist.org/photos/335168751,45.629999999999995,-73.8,11
243018262,Asclepias syriaca,0,https://www.inaturalist.org/photos/243018262,45.629999999999995,-73.82,11
162903749,Asclepias syriaca,0,https://www.inaturalist.org/photos/162903749,46.31,-72.59,10
421705981,Asclepias syriaca,0,https://www.inaturalist.org/photos/421705981,46.05000000000001,-73.63,8
443659646,Asclepias syriaca,0,https://www.inaturalist.org/photos/443659646,45.620000000000005,-73.56,10
92375734,Asclepias syriaca,0,https://www.inaturalist.org/photos/92375734,45.49000000000001,-73.41,8
424176844,Asclepias syriaca,0,https://www.inaturalist.org/photos/424176844,45.52000000000001,-73.67,8
160141828,Asclepias syriaca,0,https://www.inaturalist.org/photos/160141828,45.389999999999986,-73.76,9
307406049,Asclepias syriaca,0,https://www.inaturalist.org/photos/307406049,45.53,-73.57,8
48964199,Asclepias syriaca,0,https://www.inaturalist.org/photos/48964199,45.53999999999999,-73.16,8
239676393,Asclepias syriaca,0,https://www.inaturalist.org/photos/239676393,45.400000000000006,-73.76,10
438616659,Asclepias syriaca,0,https://www.inaturalist.org/photos/438616659,45.71000000000001,-73.49,9
409823327,Asclepias syriaca,0,https://www.inaturalist.org/photos/409823327,45.59,-73.62,7
307112704,Asclepias syriaca,0,https://www.inaturalist.org/photos/307112704,45.849999999999994,-73.44,8
149265707,Asclepias syriaca,0,https://www.inaturalist.org/photos/149265707,45.47999999999999,-73.77,8
240666179,Asclepias syriaca,0,https://www.inaturalist.org/photos/240666179,45.56999999999999,-73.55,10
149277141,Asclepias syriaca,0,https://www.inaturalist.org/photos/149277141,45.47,-73.77,8
325086199,Asclepias syriaca,0,https://www.inaturalist.org/photos/325086199,45.52000000000001,-73.67,10
218313825,Asclepias syriaca,0,https://www.inaturalist.org/photos/218313825,45.610000000000014,-73.69,7
218313766,Persicaria maculosa,0,https://www.inaturalist.org/photos/218313766,45.610000000000014,-73.68,7
430881157,Asclepias syriaca,0,https://www.inaturalist.org/photos/430881157,45.610000000000014,-73.46,9
408919546,Asclepias syriaca,0,https://www.inaturalist.org/photos/408919546,45.47999999999999,-73.62,7
430155495,Asclepias syriaca,0,https://www.inaturalist.org/photos/430155495,45.50999999999999,-73.58,9
433398488,Asclepias syriaca,0,https://www.inaturalist.org/photos/433398488,45.53,-73.61,9
316748061,Asclepias syriaca,0,https://www.inaturalist.org/photos/316748061,45.69999999999999,-73.51,9
242216623,Asclepias syriaca,0,https://www.inaturalist.org/photos/242216623,45.629999999999995,-73.81,11
422760223,Asclepias syriaca,0,https://www.inaturalist.org/photos/422760223,45.49000000000001,-73.41,8
323164848,Asclepias syriaca,0,https://www.inaturalist.org/photos/323164848,45.56,-73.53,9
390375228,Asclepias syriaca,0,https://www.inaturalist.org/photos/390375228,45.44999999999999,-73.26,10
218293623,Eutrochium maculatum,0,https://www.inaturalist.org/photos/218293623,45.41999999999999,-73.97,7
240666208,Asclepias syriaca,0,https://www.inaturalist.org/photos/240666208,45.56999999999999,-73.55,10
238786409,Asclepias syriaca,0,https://www.inaturalist.org/photos/238786409,45.25999999999999,-72.13,10
105264146,Asclepias syriaca,0,https://www.inaturalist.org/photos/105264146,45.620000000000005,-74,11
105272128,Asclepias syriaca,0,https://www.inaturalist.org/photos/105272128,45.629999999999995,-74,11
105264301,Asclepias syriaca,0,https://www.inaturalist.org/photos/105264301,45.620000000000005,-74,11
331715645,Asclepias syriaca,0,https://www.inaturalist.org/photos/331715645,45.69999999999999,-73.83,10
104232465,Asclepias syriaca,0,https://www.inaturalist.org/photos/104232465,45.55000000000001,-73.41,11
237656585,Asclepias syriaca,0,https://www.inaturalist.org/photos/237656585,45.91999999999999,-73.54,10
423501412,Asclepias syriaca,0,https://www.inaturalist.org/photos/423501412,45.56,-73.54,8
308877245,Asclepias syriaca,0,https://www.inaturalist.org/photos/308877245,45.43000000000001,-73.68,8
403747858,Asclepias syriaca,0,https://www.inaturalist.org/photos/403747858,45.629999999999995,-73.8,7
311690411,Asclepias incarnata,0,https://www.inaturalist.org/photos/311690411,45.47999999999999,-74,8
328487600,Asclepias syriaca,0,https://www.inaturalist.org/photos/328487600,45.52000000000001,-73.67,10
431664191,Asclepias syriaca,0,https://www.inaturalist.org/photos/431664191,45.53,-73.62,9
149270525,Asclepias syriaca,0,https://www.inaturalist.org/photos/149270525,45.47999999999999,-73.77,8
146677694,Asclepias syriaca,0,https://www.inaturalist.org/photos/146677694,45.400000000000006,-71.88,7
158164395,Asclepias syriaca,0,https://www.inaturalist.org/photos/158164395,45.389999999999986,-73.75,9
333263402,Asclepias syriaca,0,https://www.inaturalist.org/photos/333263402,45.43000000000001,-73.68,11
301218777,Asclepias syriaca,0,https://www.inaturalist.org/photos/301218777,45.46000000000001,-73.56,7
159778239,Asclepias syriaca,0,https://www.inaturalist.org/photos/159778239,45.389999999999986,-73.77,9
318983909,Asclepias syriaca,0,https://www.inaturalist.org/photos/318983909,45.599999999999994,-73.41,9
430491916,Asclepias syriaca,0,https://www.inaturalist.org/photos/430491916,45.5,-73.58,9
84273442,Asclepias syriaca,0,https://www.inaturalist.org/photos/84273442,45.389999999999986,-73.38,7
322864141,Asclepias syriaca,0,https://www.inaturalist.org/photos/322864141,45.5,-73.58,9
431700718,Asclepias syriaca,0,https://www.inaturalist.org/photos/431700718,45.47,-73.57,9
343392693,Asclepias syriaca,0,https://www.inaturalist.org/photos/343392693,45.31,-71.92,8
256765394,Asclepias syriaca,0,https://www.inaturalist.org/photos/256765394,45.94,-74.24,8
155422767,Asclepias syriaca,0,https://www.inaturalist.org/photos/155422767,45.33000000000001,-74.21,9
424922248,Asclepias syriaca,0,https://www.inaturalist.org/photos/424922248,45.52000000000001,-73.67,8
313536311,Asclepias syriaca,0,https://www.inaturalist.org/photos/313536311,45.47999999999999,-73.58,8
232011073,Asclepias syriaca,0,https://www.inaturalist.org/photos/232011073,45.389999999999986,-74.18,9
242415436,Asclepias syriaca,0,https://www.inaturalist.org/photos/242415436,45.629999999999995,-73.81,11
149266808,Asclepias syriaca,0,https://www.inaturalist.org/photos/149266808,45.47999999999999,-73.77,8
242215753,Asclepias syriaca,0,https://www.inaturalist.org/photos/242215753,45.629999999999995,-73.81,11
304859146,Asclepias syriaca,0,https://www.inaturalist.org/photos/304859146,45.41999999999999,-71.93,7
252740306,Asclepias syriaca,0,https://www.inaturalist.org/photos/252740306,45.56999999999999,-73.61,9
438544914,Asclepias syriaca,0,https://www.inaturalist.org/photos/438544914,45.59,-73.51,10
149270197,Asclepias syriaca,0,https://www.inaturalist.org/photos/149270197,45.47999999999999,-73.77,8
105439678,Asclepias incarnata,0,https://www.inaturalist.org/photos/105439678,45.31,-71.88,11
149277950,Asclepias syriaca,0,https://www.inaturalist.org/photos/149277950,45.47,-73.77,8
234339350,Asclepias syriaca,0,https://www.inaturalist.org/photos/234339350,45.94,-74.31,10
205045217,Populus deltoides,0,https://www.inaturalist.org/photos/205045217,45.68000000000001,-73.5,6
204156158,Asclepias syriaca,0,https://www.inaturalist.org/photos/204156158,45.53999999999999,-73.55,6
302479960,Asclepias syriaca,0,https://www.inaturalist.org/photos/302479960,45.400000000000006,-73.17,7
423801925,Asclepias syriaca,0,https://www.inaturalist.org/photos/423801925,45.46000000000001,-73.55,8
228952904,Asclepias syriaca,0,https://www.inaturalist.org/photos/228952904,45.44,-73.82,9
232004086,Asclepias syriaca,0,https://www.inaturalist.org/photos/232004086,45.43000000000001,-73.57,8
242552886,Asclepias syriaca,0,https://www.inaturalist.org/photos/242552886,45.629999999999995,-73.82,11
314931901,Asclepias syriaca,0,https://www.inaturalist.org/photos/314931901,45.52000000000001,-73.67,8
441336282,Asclepias syriaca,0,https://www.inaturalist.org/photos/441336282,45.66999999999999,-73.51,9
332218776,Asclepias syriaca,0,https://www.inaturalist.org/photos/332218776,45.629999999999995,-73.81,10
332018480,Asclepias syriaca,0,https://www.inaturalist.org/photos/332018480,45.43000000000001,-73.67,10
148438630,Asclepias syriaca,0,https://www.inaturalist.org/photos/148438630,45.47,-73.78,8
149266960,Asclepias syriaca,0,https://www.inaturalist.org/photos/149266960,45.47999999999999,-73.77,8
46070322,,0,https://www.inaturalist.org/photos/46070322,45.55000000000001,-73.49,7
46069813,Asclepias syriaca,0,https://www.inaturalist.org/photos/46069813,45.55000000000001,-73.49,7
162646441,Asclepias syriaca,0,https://www.inaturalist.org/photos/162646441,46.03,-73.7,10
438361962,Asclepias syriaca,0,https://www.inaturalist.org/photos/438361962,45.610000000000014,-73.76,10
149277005,Asclepias syriaca,0,https://www.inaturalist.org/photos/149277005,45.47,-73.77,8
402191490,Asclepias syriaca,0,https://www.inaturalist.org/photos/402191490,45.58000000000001,-73.57,7
438361937,Asclepias syriaca,0,https://www.inaturalist.org/photos/438361937,45.610000000000014,-73.76,10
88924999,Asclepias syriaca,0,https://www.inaturalist.org/photos/88924999,46.00999999999999,-74.17,8
370876571,Asclepias syriaca,0,https://www.inaturalist.org/photos/370876571,45.50999999999999,-73.67,4
158187327,Asclepias syriaca,0,https://www.inaturalist.org/photos/158187327,45.389999999999986,-73.76,9
148440439,Asclepias syriaca,0,https://www.inaturalist.org/photos/148440439,45.47,-73.78,8
218969133,Asclepias syriaca,0,https://www.inaturalist.org/photos/218969133,45.58000000000001,-73.6,7
158000082,Asclepias syriaca,0,https://www.inaturalist.org/photos/158000082,45.389999999999986,-74.18,9
95882656,Asclepias syriaca,0,https://www.inaturalist.org/photos/95882656,45.47999999999999,-73.57,9
151057977,Asclepias syriaca,0,https://www.inaturalist.org/photos/151057977,45.53999999999999,-73.62,8
390375238,Asclepias syriaca,0,https://www.inaturalist.org/photos/390375238,45.44999999999999,-73.26,10
317721255,Asclepias syriaca,0,https://www.inaturalist.org/photos/317721255,45.49000000000001,-73.59,9
143064908,Asclepias syriaca,0,https://www.inaturalist.org/photos/143064908,45.50999999999999,-73.48,7
346622107,Asclepias incarnata,0,https://www.inaturalist.org/photos/346622107,45.49000000000001,-74.66,9
435827829,Asclepias syriaca,0,https://www.inaturalist.org/photos/435827829,45.5,-73.58,9
141496305,Asclepias syriaca,0,https://www.inaturalist.org/photos/141496305,45.28,-72.18,8
149278055,Asclepias syriaca,0,https://www.inaturalist.org/photos/149278055,45.47,-73.77,8
439193575,Asclepias syriaca,0,https://www.inaturalist.org/photos/439193575,45.629999999999995,-73.81,10
149266981,Asclepias syriaca,0,https://www.inaturalist.org/photos/149266981,45.47999999999999,-73.77,8
149276855,Asclepias syriaca,0,https://www.inaturalist.org/photos/149276855,45.47,-73.77,8
50727902,Asclepias syriaca,0,https://www.inaturalist.org/photos/50727902,45.53999999999999,-73.15,8
327069770,Asclepias syriaca,0,https://www.inaturalist.org/photos/327069770,45.41,-73.94,10
411543169,Vincetoxicum rossicum,0,https://www.inaturalist.org/photos/411543169,45.44999999999999,-73.26,7
430981151,Asclepias syriaca,0,https://www.inaturalist.org/photos/430981151,45.610000000000014,-73.55,9
206094429,Asclepias incarnata,0,https://www.inaturalist.org/photos/206094429,45.53999999999999,-73.58,8
149278007,Asclepias syriaca,0,https://www.inaturalist.org/photos/149278007,45.47,-73.77,8
430507501,Asclepias syriaca,0,https://www.inaturalist.org/photos/430507501,45.50999999999999,-73.58,9
218313894,Asclepias syriaca,0,https://www.inaturalist.org/photos/218313894,45.610000000000014,-73.69,7
415344739,Asclepias syriaca,0,https://www.inaturalist.org/photos/415344739,45.71000000000001,-73.5,8
149267962,Asclepias syriaca,0,https://www.inaturalist.org/photos/149267962,45.47999999999999,-73.77,8
243268585,Asclepias syriaca,0,https://www.inaturalist.org/photos/243268585,45.56,-73.53,11
149271148,Asclepias syriaca,0,https://www.inaturalist.org/photos/149271148,45.47999999999999,-73.77,8
429821053,Asclepias syriaca,0,https://www.inaturalist.org/photos/429821053,45.5,-73.58,9
149277176,Asclepias syriaca,0,https://www.inaturalist.org/photos/149277176,45.47,-73.77,8
393600520,Asclepias syriaca,0,https://www.inaturalist.org/photos/393600520,45.55000000000001,-73.55,6
443659567,Asclepias syriaca,0,https://www.inaturalist.org/photos/443659567,45.620000000000005,-73.56,10
419951712,Asclepias syriaca,0,https://www.inaturalist.org/photos/419951712,45.55000000000001,-73.57,8
438700326,Asclepias syriaca,0,https://www.inaturalist.org/photos/438700326,45.53999999999999,-73.86,10
55864753,Asclepias syriaca,0,https://www.inaturalist.org/photos/55864753,45.53999999999999,-73.34,11
312910229,Asclepias syriaca,0,https://www.inaturalist.org/photos/312910229,45.52000000000001,-73.67,8
312910406,Asclepias syriaca,0,https://www.inaturalist.org/photos/312910406,45.50999999999999,-73.67,8
408503495,Asclepias syriaca,0,https://www.inaturalist.org/photos/408503495,45.41,-74.06,7
242801994,Asclepias syriaca,0,https://www.inaturalist.org/photos/242801994,45.52000000000001,-73.75,10
149280425,Asclepias syriaca,0,https://www.inaturalist.org/photos/149280425,45.47999999999999,-73.78,8
435822934,Asclepias syriaca,0,https://www.inaturalist.org/photos/435822934,45.5,-73.58,9
429486847,Asclepias syriaca,0,https://www.inaturalist.org/photos/429486847,45.50999999999999,-73.58,9
429486874,Asclepias syriaca,0,https://www.inaturalist.org/photos/429486874,45.50999999999999,-73.58,9
315575888,Asclepias syriaca,0,https://www.inaturalist.org/photos/315575888,45.52000000000001,-73.67,8
87271056,Asclepias syriaca,0,https://www.inaturalist.org/photos/87271056,45.47999999999999,-73.57,7
430491518,Asclepias syriaca,0,https://www.inaturalist.org/photos/430491518,45.50999999999999,-73.65,9
149268449,Asclepias syriaca,0,https://www.inaturalist.org/photos/149268449,45.47999999999999,-73.77,8
218969157,Asclepias syriaca,0,https://www.inaturalist.org/photos/218969157,45.58000000000001,-73.6,7
433010843,Asclepias syriaca,0,https://www.inaturalist.org/photos/433010843,45.52000000000001,-73.67,9
424895864,Asclepias syriaca,0,https://www.inaturalist.org/photos/424895864,45.52000000000001,-73.67,8
50727920,Asclepias syriaca,0,https://www.inaturalist.org/photos/50727920,45.53999999999999,-73.15,8
236311299,Asclepias syriaca,0,https://www.inaturalist.org/photos/236311299,45.34,-72.02,10
327099930,Asclepias syriaca,0,https://www.inaturalist.org/photos/327099930,45.52000000000001,-73.52,10
155506659,Asclepias syriaca,0,https://www.inaturalist.org/photos/155506659,45.31999999999999,-73.35,9
226112568,Asclepias syriaca,0,https://www.inaturalist.org/photos/226112568,45.06,-72.13,8
105264249,Asclepias syriaca,0,https://www.inaturalist.org/photos/105264249,45.620000000000005,-74,11
429359081,Asclepias syriaca,0,https://www.inaturalist.org/photos/429359081,45.849999999999994,-72.45,8
331816565,Asclepias syriaca,0,https://www.inaturalist.org/photos/331816565,45.629999999999995,-73.8,10
430511089,Asclepias syriaca,0,https://www.inaturalist.org/photos/430511089,45.5,-73.58,9
309837046,Asclepias syriaca,0,https://www.inaturalist.org/photos/309837046,45.639999999999986,-73.61,8
156355476,Asclepias syriaca,0,https://www.inaturalist.org/photos/156355476,45.52000000000001,-73.27,9
325261009,Asclepias syriaca,0,https://www.inaturalist.org/photos/325261009,45.5,-73.41,10
331758161,Asclepias syriaca,0,https://www.inaturalist.org/photos/331758161,45.66999999999999,-73.5,10
298587095,Asclepias syriaca,0,https://www.inaturalist.org/photos/298587095,45.58000000000001,-73.52,7
314808609,Apios americana,0,https://www.inaturalist.org/photos/314808609,45.66,-74.33,8
438666637,Asclepias syriaca,0,https://www.inaturalist.org/photos/438666637,45.56,-73.54,10
224623006,Asclepias syriaca,0,https://www.inaturalist.org/photos/224623006,45.44999999999999,-73.89,8
309796381,Asclepias syriaca,0,https://www.inaturalist.org/photos/309796381,45.47,-73.92,8
224544976,Asclepias syriaca,0,https://www.inaturalist.org/photos/224544976,45.5,-73.59,8
390375195,Asclepias syriaca,0,https://www.inaturalist.org/photos/390375195,45.44999999999999,-73.26,10
314808763,Asclepias syriaca,0,https://www.inaturalist.org/photos/314808763,45.66,-74.33,8
416422652,Asclepias syriaca,0,https://www.inaturalist.org/photos/416422652,45.56,-73.53,8
440663599,Asclepias syriaca,0,https://www.inaturalist.org/photos/440663599,46.33000000000001,-72.6,10
312915542,Asclepias syriaca,0,https://www.inaturalist.org/photos/312915542,45.52000000000001,-73.67,8
46373542,Asclepias syriaca,0,https://www.inaturalist.org/photos/46373542,45.47999999999999,-73.63,7
315523220,Asclepias syriaca,0,https://www.inaturalist.org/photos/315523220,45.52000000000001,-73.67,8
353230218,Asclepias syriaca,0,https://www.inaturalist.org/photos/353230218,45.56999999999999,-73.28,2
437778598,Asclepias syriaca,0,https://www.inaturalist.org/photos/437778598,45.389999999999986,-73.77,10
314932040,Asclepias syriaca,0,https://www.inaturalist.org/photos/314932040,45.52000000000001,-73.67,8
233290343,Asclepias syriaca,0,https://www.inaturalist.org/photos/233290343,45.900000000000006,-72.51,9
158409878,Asclepias syriaca,0,https://www.inaturalist.org/photos/158409878,45.379999999999995,-73.75,9
412174163,Asclepias syriaca,0,https://www.inaturalist.org/photos/412174163,45.389999999999986,-71.91,7
424922207,Asclepias syriaca,0,https://www.inaturalist.org/photos/424922207,45.52000000000001,-73.67,8
433477976,Asclepias syriaca,0,https://www.inaturalist.org/photos/433477976,45.49000000000001,-73.59,8
406308092,Asclepias syriaca,0,https://www.inaturalist.org/photos/406308092,45.53999999999999,-73.56,7
160702116,Asclepias syriaca,0,https://www.inaturalist.org/photos/160702116,45.47999999999999,-73.76,9
149263132,Asclepias syriaca,0,https://www.inaturalist.org/photos/149263132,45.47999999999999,-73.77,8
149271328,Asclepias syriaca,0,https://www.inaturalist.org/photos/149271328,45.47999999999999,-73.77,8
320316508,Asclepias syriaca,0,https://www.inaturalist.org/photos/320316508,45.56,-73.53,9
242215495,Asclepias syriaca,0,https://www.inaturalist.org/photos/242215495,45.629999999999995,-73.81,11
436342102,Asclepias syriaca,0,https://www.inaturalist.org/photos/436342102,45.56999999999999,-73.54,9
299258982,Asclepias syriaca,0,https://www.inaturalist.org/photos/299258982,45.58000000000001,-73.57,7
429820991,Asclepias syriaca,0,https://www.inaturalist.org/photos/429820991,45.5,-73.58,9
424534653,Asclepias syriaca,0,https://www.inaturalist.org/photos/424534653,45.56,-73.53,8
173219553,Asclepias syriaca,0,https://www.inaturalist.org/photos/173219553,45.91999999999999,-72.02,12
432665423,Asclepias syriaca,0,https://www.inaturalist.org/photos/432665423,45.56999999999999,-73.54,9
320003178,Asclepias syriaca,0,https://www.inaturalist.org/photos/320003178,45.72,-73.83,9
173678789,Asclepias incarnata,0,https://www.inaturalist.org/photos/173678789,45.55000000000001,-74.41,9
396243305,Asclepias syriaca,0,https://www.inaturalist.org/photos/396243305,45.620000000000005,-73.46,6
227792815,Asclepias syriaca,0,https://www.inaturalist.org/photos/227792815,45.03999999999999,-74.46,9
312915499,Asclepias syriaca,0,https://www.inaturalist.org/photos/312915499,45.52000000000001,-73.67,8
415122328,Asclepias syriaca,0,https://www.inaturalist.org/photos/415122328,45.47,-73.77,8
420155396,Asclepias syriaca,0,https://www.inaturalist.org/photos/420155396,45.44999999999999,-73.57,8
317731513,Aphis nerii,0,https://www.inaturalist.org/photos/317731513,45.16,-73.68,9
432682123,Asclepias syriaca,0,https://www.inaturalist.org/photos/432682123,45.56,-73.54,9
101839984,Asclepias syriaca,0,https://www.inaturalist.org/photos/101839984,45.44999999999999,-73.28,10
211492870,Asclepias syriaca,0,https://www.inaturalist.org/photos/211492870,45.55000000000001,-73.55,7
53690816,Asclepias syriaca,0,https://www.inaturalist.org/photos/53690816,45.400000000000006,-71.89,10
242552216,Asclepias syriaca,0,https://www.inaturalist.org/photos/242552216,45.629999999999995,-73.81,11
371090407,Asclepias syriaca,0,https://www.inaturalist.org/photos/371090407,45.50999999999999,-73.67,4
176207145,Asclepias incarnata,0,https://www.inaturalist.org/photos/176207145,46.27000000000001,-72.81,9
439025882,Asclepias syriaca,0,https://www.inaturalist.org/photos/439025882,45.620000000000005,-73.55,10
48964183,Asclepias syriaca,0,https://www.inaturalist.org/photos/48964183,45.53999999999999,-73.16,8
149268585,Asclepias syriaca,0,https://www.inaturalist.org/photos/149268585,45.47999999999999,-73.77,8
149276770,Asclepias syriaca,0,https://www.inaturalist.org/photos/149276770,45.47,-73.77,8
424891265,,0,https://www.inaturalist.org/photos/424891265,45.52000000000001,-73.67,8
424986725,,0,https://www.inaturalist.org/photos/424986725,45.52000000000001,-73.67,8
316520038,Asclepias syriaca,0,https://www.inaturalist.org/photos/316520038,45.56999999999999,-73.54,9
380303638,Apocynum cannabinum,0,https://www.inaturalist.org/photos/380303638,45.56999999999999,-73.54,5
227405912,Asclepias syriaca,0,https://www.inaturalist.org/photos/227405912,45.50999999999999,-73.68,9
219251235,Asclepias syriaca,0,https://www.inaturalist.org/photos/219251235,45.55000000000001,-73.6,8
441335636,Asclepias syriaca,0,https://www.inaturalist.org/photos/441335636,45.66999999999999,-73.51,9
435529749,Harmonia axyridis,0,https://www.inaturalist.org/photos/435529749,45.599999999999994,-73.55,8
156355571,Asclepias syriaca,0,https://www.inaturalist.org/photos/156355571,45.52000000000001,-73.27,9
322731709,Asclepias syriaca,0,https://www.inaturalist.org/photos/322731709,45.43000000000001,-73.83,9
173219494,Asclepias syriaca,0,https://www.inaturalist.org/photos/173219494,45.91999999999999,-72.02,12
148096787,Asclepias syriaca,0,https://www.inaturalist.org/photos/148096787,45.55000000000001,-73.47,8
430153404,Asclepias syriaca,0,https://www.inaturalist.org/photos/430153404,45.50999999999999,-73.58,9
149280360,Asclepias syriaca,0,https://www.inaturalist.org/photos/149280360,45.47999999999999,-73.78,8
149277996,Asclepias syriaca,0,https://www.inaturalist.org/photos/149277996,45.47,-73.77,8
87268709,Asclepias syriaca,0,https://www.inaturalist.org/photos/87268709,45.56,-73.58,7
169909236,Asclepias syriaca,0,https://www.inaturalist.org/photos/169909236,45.44999999999999,-73.46,9
169909223,Asclepias syriaca,0,https://www.inaturalist.org/photos/169909223,45.44999999999999,-73.46,9
87271045,Asclepias syriaca,0,https://www.inaturalist.org/photos/87271045,45.47999999999999,-73.57,7
57263737,Asclepias syriaca,0,https://www.inaturalist.org/photos/57263737,45.44999999999999,-73.56,11
243017058,Asclepias syriaca,0,https://www.inaturalist.org/photos/243017058,45.639999999999986,-73.82,11
149263907,Asclepias syriaca,0,https://www.inaturalist.org/photos/149263907,45.47999999999999,-73.77,8
443659692,Asclepias syriaca,0,https://www.inaturalist.org/photos/443659692,45.620000000000005,-73.56,10
297071571,Asclepias syriaca,0,https://www.inaturalist.org/photos/297071571,45.53999999999999,-73.56,7
155231553,Asclepias syriaca,0,https://www.inaturalist.org/photos/155231553,45.55000000000001,-73.47,9
327099938,Asclepias syriaca,0,https://www.inaturalist.org/photos/327099938,45.52000000000001,-73.52,10
316898072,Asclepias incarnata,0,https://www.inaturalist.org/photos/316898072,46.06999999999999,-73.16,9
411543185,Vincetoxicum rossicum,0,https://www.inaturalist.org/photos/411543185,45.44999999999999,-73.26,7
170803046,Asclepias syriaca,0,https://www.inaturalist.org/photos/170803046,45.31,-72.65,11
315533786,Asclepias syriaca,0,https://www.inaturalist.org/photos/315533786,45.52000000000001,-73.67,8
218167481,Asclepias syriaca,0,https://www.inaturalist.org/photos/218167481,45.41,-72.72,7
149262336,Asclepias syriaca,0,https://www.inaturalist.org/photos/149262336,45.47999999999999,-73.77,8
158600595,Asclepias syriaca,0,https://www.inaturalist.org/photos/158600595,45.52000000000001,-73.85,9
312946050,Asclepias syriaca,0,https://www.inaturalist.org/photos/312946050,45.52000000000001,-73.67,8
147332211,Asclepias syriaca,0,https://www.inaturalist.org/photos/147332211,45.43000000000001,-73.69,7
149263081,Asclepias syriaca,0,https://www.inaturalist.org/photos/149263081,45.47999999999999,-73.77,8
243268572,Asclepias syriaca,0,https://www.inaturalist.org/photos/243268572,45.56,-73.53,11
328315226,Asclepias syriaca,0,https://www.inaturalist.org/photos/328315226,45.56999999999999,-73.54,10
390793395,Asclepias syriaca,0,https://www.inaturalist.org/photos/390793395,45.629999999999995,-73.81,6
149279916,Asclepias syriaca,0,https://www.inaturalist.org/photos/149279916,45.47999999999999,-73.78,8
209130442,Asclepias syriaca,0,https://www.inaturalist.org/photos/209130442,45.43000000000001,-73.13,6
290397241,Asclepias syriaca,0,https://www.inaturalist.org/photos/290397241,45.629999999999995,-73.81,6
367664076,Asclepias syriaca,0,https://www.inaturalist.org/photos/367664076,45.620000000000005,-72.98,4
307961347,Sonchus arvensis,0,https://www.inaturalist.org/photos/307961347,45.620000000000005,-73.44,8
325261019,Asclepias syriaca,0,https://www.inaturalist.org/photos/325261019,45.5,-73.41,10
325260985,Asclepias syriaca,0,https://www.inaturalist.org/photos/325260985,45.5,-73.41,10
149266975,Asclepias syriaca,0,https://www.inaturalist.org/photos/149266975,45.47999999999999,-73.77,8
324858485,Asclepias tuberosa,0,https://www.inaturalist.org/photos/324858485,45.53,-73.5,10
149279924,Asclepias syriaca,0,https://www.inaturalist.org/photos/149279924,45.47999999999999,-73.78,8
105439687,Asclepias incarnata,0,https://www.inaturalist.org/photos/105439687,45.31,-71.88,11
243268554,Asclepias syriaca,0,https://www.inaturalist.org/photos/243268554,45.56,-73.53,11
176262028,Asclepias syriaca,0,https://www.inaturalist.org/photos/176262028,46.31,-72.51,9
154960324,Asclepias syriaca,0,https://www.inaturalist.org/photos/154960324,45.41999999999999,-73.49,9
149265650,Asclepias syriaca,0,https://www.inaturalist.org/photos/149265650,45.47999999999999,-73.77,8
149265535,Asclepias syriaca,0,https://www.inaturalist.org/photos/149265535,45.47999999999999,-73.77,8
149268026,Asclepias syriaca,0,https://www.inaturalist.org/photos/149268026,45.47999999999999,-73.77,8
310976797,Asclepias syriaca,0,https://www.inaturalist.org/photos/310976797,45.52000000000001,-73.68,8
326917606,Asclepias syriaca,0,https://www.inaturalist.org/photos/326917606,45.389999999999986,-72.23,10
209944280,Asclepias syriaca,0,https://www.inaturalist.org/photos/209944280,45.41,-72.69,6
393624554,Asclepias syriaca,0,https://www.inaturalist.org/photos/393624554,45.099999999999994,-74.52,6
355969959,Asclepias syriaca,0,https://www.inaturalist.org/photos/355969959,45.629999999999995,-73.81,3
149275053,Asclepias syriaca,0,https://www.inaturalist.org/photos/149275053,45.47,-73.77,8
50727931,Asclepias syriaca,0,https://www.inaturalist.org/photos/50727931,45.53999999999999,-73.15,8
403892750,Asclepias syriaca,0,https://www.inaturalist.org/photos/403892750,45.44999999999999,-73.75,7
82387371,Asclepias syriaca,0,https://www.inaturalist.org/photos/82387371,45.81999999999999,-74.03,7
149270063,Asclepias syriaca,0,https://www.inaturalist.org/photos/149270063,45.47999999999999,-73.77,8
222362687,Asclepias syriaca,0,https://www.inaturalist.org/photos/222362687,45.5,-73.58,8
148442699,Asclepias syriaca,0,https://www.inaturalist.org/photos/148442699,45.47,-73.78,8
405383733,Asclepias syriaca,0,https://www.inaturalist.org/photos/405383733,45.47,-73.63,7
415121603,Asclepias syriaca,0,https://www.inaturalist.org/photos/415121603,45.47,-73.77,8
419103020,Asclepias syriaca,0,https://www.inaturalist.org/photos/419103020,45.629999999999995,-73.81,8
312910277,Asclepias syriaca,0,https://www.inaturalist.org/photos/312910277,45.52000000000001,-73.67,8
92891748,Asclepias syriaca,0,https://www.inaturalist.org/photos/92891748,45.56999999999999,-73.59,8
218660039,Asclepias incarnata,0,https://www.inaturalist.org/photos/218660039,45.46000000000001,-73.59,7
411543184,Vincetoxicum rossicum,0,https://www.inaturalist.org/photos/411543184,45.44999999999999,-73.26,7
147892942,Asclepias syriaca,0,https://www.inaturalist.org/photos/147892942,46.27000000000001,-73.55,8
353797516,Asclepias syriaca,0,https://www.inaturalist.org/photos/353797516,45.46000000000001,-73.26,11
315092551,Asclepias syriaca,0,https://www.inaturalist.org/photos/315092551,45.25999999999999,-72.23,8
336329992,Asclepias syriaca,0,https://www.inaturalist.org/photos/336329992,45.41,-71.89,11
161262922,Asclepias syriaca,0,https://www.inaturalist.org/photos/161262922,45.379999999999995,-73.75,10
43993277,Asclepias syriaca,0,https://www.inaturalist.org/photos/43993277,45.50999999999999,-73.52,7
149263425,Asclepias syriaca,0,https://www.inaturalist.org/photos/149263425,45.47999999999999,-73.77,8
420896032,Asclepias syriaca,0,https://www.inaturalist.org/photos/420896032,45.53999999999999,-73.87,8
424233644,Asclepias syriaca,0,https://www.inaturalist.org/photos/424233644,45.52000000000001,-73.67,8
439774522,Asclepias syriaca,0,https://www.inaturalist.org/photos/439774522,45.5,-73.58,10
312961079,Asclepias syriaca,0,https://www.inaturalist.org/photos/312961079,45.599999999999994,-73.56,8
417745645,Asclepias syriaca,0,https://www.inaturalist.org/photos/417745645,45.71000000000001,-73.93,8
149271129,Asclepias syriaca,0,https://www.inaturalist.org/photos/149271129,45.47999999999999,-73.77,8
145105107,Asclepias syriaca,0,https://www.inaturalist.org/photos/145105107,45.44999999999999,-73.93,7
84914403,Asclepias syriaca,0,https://www.inaturalist.org/photos/84914403,45.53,-73.79,7
88924950,Asclepias syriaca,0,https://www.inaturalist.org/photos/88924950,46.00999999999999,-74.17,8
316506673,Asclepias syriaca,0,https://www.inaturalist.org/photos/316506673,45.56,-73.54,9
148438562,Asclepias syriaca,0,https://www.inaturalist.org/photos/148438562,45.47,-73.78,8
149266884,Asclepias syriaca,0,https://www.inaturalist.org/photos/149266884,45.47999999999999,-73.77,8
149262835,Asclepias syriaca,0,https://www.inaturalist.org/photos/149262835,45.47999999999999,-73.77,8
390375204,Asclepias syriaca,0,https://www.inaturalist.org/photos/390375204,45.44999999999999,-73.26,10
27101708,,0,https://www.inaturalist.org/photos/27101708,45.81999999999999,-71.76,10
149266918,Asclepias syriaca,0,https://www.inaturalist.org/photos/149266918,45.47999999999999,-73.77,8
217972659,Asclepias syriaca,0,https://www.inaturalist.org/photos/217972659,46.00999999999999,-74.18,7
229295350,Asclepias syriaca,0,https://www.inaturalist.org/photos/229295350,45.66,-73.52,9
325088475,Asclepias syriaca,0,https://www.inaturalist.org/photos/325088475,45.50999999999999,-73.67,10
57263733,Asclepias syriaca,0,https://www.inaturalist.org/photos/57263733,45.44999999999999,-73.56,11
149278924,Asclepias syriaca,0,https://www.inaturalist.org/photos/149278924,45.47,-73.78,8
312910373,Asclepias syriaca,0,https://www.inaturalist.org/photos/312910373,45.50999999999999,-73.67,8
306889140,Asclepias syriaca,0,https://www.inaturalist.org/photos/306889140,45.53999999999999,-73.59,8
234102303,Asclepias syriaca,0,https://www.inaturalist.org/photos/234102303,45.53999999999999,-73.56,9
92210415,Asclepias syriaca,0,https://www.inaturalist.org/photos/92210415,45.53,-73.26,8
167951478,Asclepias syriaca,0,https://www.inaturalist.org/photos/167951478,45.889999999999986,-74.18,11
242242706,Asclepias syriaca,0,https://www.inaturalist.org/photos/242242706,45.629999999999995,-73.81,11
70088708,Hypericum ascyron,0,https://www.inaturalist.org/photos/70088708,45.889999999999986,-72.49,7
439077613,Asclepias syriaca,0,https://www.inaturalist.org/photos/439077613,45.47,-73.47,10
429821099,Clematis virginiana,0,https://www.inaturalist.org/photos/429821099,45.5,-73.58,9
416350413,Asclepias syriaca,0,https://www.inaturalist.org/photos/416350413,45.56,-73.53,8
416295351,Asclepias syriaca,0,https://www.inaturalist.org/photos/416295351,45.56,-73.53,8
321128962,Asclepias syriaca,0,https://www.inaturalist.org/photos/321128962,45.46000000000001,-73.64,9
320003188,Asclepias syriaca,0,https://www.inaturalist.org/photos/320003188,45.72,-73.83,9
226948412,Asclepias syriaca,0,https://www.inaturalist.org/photos/226948412,45.47,-73.42,9
25043505,Asclepias syriaca,0,https://www.inaturalist.org/photos/25043505,45.47,-73.93,9
104436828,Asclepias syriaca,0,https://www.inaturalist.org/photos/104436828,45.43000000000001,-73.59,9
242216443,Asclepias syriaca,0,https://www.inaturalist.org/photos/242216443,45.629999999999995,-73.81,11
391730168,Asclepias syriaca,0,https://www.inaturalist.org/photos/391730168,45.56,-73.54,6
298798652,Asclepias syriaca,0,https://www.inaturalist.org/photos/298798652,45.46000000000001,-73.57,7
242392482,Asclepias syriaca,0,https://www.inaturalist.org/photos/242392482,45.629999999999995,-73.8,11
315524956,Asclepias syriaca,0,https://www.inaturalist.org/photos/315524956,45.52000000000001,-73.67,8
149262400,Asclepias syriaca,0,https://www.inaturalist.org/photos/149262400,45.47999999999999,-73.77,8
149270038,Asclepias syriaca,0,https://www.inaturalist.org/photos/149270038,45.47999999999999,-73.77,8
103763404,Asclepias syriaca,0,https://www.inaturalist.org/photos/103763404,45.52000000000001,-73.57,9
315606842,Asclepias syriaca,0,https://www.inaturalist.org/photos/315606842,45.370000000000005,-71.93,8
149269190,Asclepias syriaca,0,https://www.inaturalist.org/photos/149269190,45.47999999999999,-73.77,8
424534705,Asclepias syriaca,0,https://www.inaturalist.org/photos/424534705,45.56,-73.53,8
243012353,Asclepias syriaca,0,https://www.inaturalist.org/photos/243012353,45.639999999999986,-73.82,11
149280386,Asclepias syriaca,0,https://www.inaturalist.org/photos/149280386,45.47999999999999,-73.78,8
234587529,Vincetoxicum rossicum,0,https://www.inaturalist.org/photos/234587529,45.66999999999999,-73.52,10
416417524,Asclepias syriaca,0,https://www.inaturalist.org/photos/416417524,45.56,-73.53,8
147015749,Asclepias syriaca,0,https://www.inaturalist.org/photos/147015749,45.41,-73.92,7
416920757,Asclepias syriaca,0,https://www.inaturalist.org/photos/416920757,45.71000000000001,-73.5,8
102351914,Epilobium ciliatum,0,https://www.inaturalist.org/photos/102351914,45.360000000000014,-71.85,10
88034053,Asclepias syriaca,0,https://www.inaturalist.org/photos/88034053,45.59,-73.91,8
312910455,Asclepias syriaca,0,https://www.inaturalist.org/photos/312910455,45.50999999999999,-73.67,8
441374206,Asclepias syriaca,0,https://www.inaturalist.org/photos/441374206,45.53,-73.56,7
91994705,Asclepias syriaca,0,https://www.inaturalist.org/photos/91994705,45.120000000000005,-73.48,8
362029984,Asclepias syriaca,0,https://www.inaturalist.org/photos/362029984,46.05000000000001,-74.19,3
332595763,Asclepias syriaca,0,https://www.inaturalist.org/photos/332595763,45.629999999999995,-73.81,10
149278020,Asclepias syriaca,0,https://www.inaturalist.org/photos/149278020,45.47,-73.77,8
255032735,Impatiens capensis,0,https://www.inaturalist.org/photos/255032735,45.44999999999999,-73.25,10
391649336,Asclepias syriaca,0,https://www.inaturalist.org/photos/391649336,45.56,-73.54,6
148111846,Asclepias syriaca,0,https://www.inaturalist.org/photos/148111846,46.47,-72.54,8
242241764,Asclepias syriaca,0,https://www.inaturalist.org/photos/242241764,45.629999999999995,-73.81,11
233411671,Asclepias syriaca,0,https://www.inaturalist.org/photos/233411671,45.44,-73.47,9
149263449,Asclepias syriaca,0,https://www.inaturalist.org/photos/149263449,45.47999999999999,-73.77,8
155506592,Asclepias syriaca,0,https://www.inaturalist.org/photos/155506592,45.31999999999999,-73.35,9
312946077,Asclepias syriaca,0,https://www.inaturalist.org/photos/312946077,45.52000000000001,-73.67,8
242400644,Asclepias syriaca,0,https://www.inaturalist.org/photos/242400644,45.629999999999995,-73.81,11
218654460,Asclepias syriaca,0,https://www.inaturalist.org/photos/218654460,45.110000000000014,-72.62,7
423804283,Asclepias syriaca,0,https://www.inaturalist.org/photos/423804283,45.94,-73.49,8
146837465,Asclepias syriaca,0,https://www.inaturalist.org/photos/146837465,45.5,-73.45,7
111167240,Asclepias syriaca,0,https://www.inaturalist.org/photos/111167240,45.31,-73.68,10
216192214,Asclepias syriaca,0,https://www.inaturalist.org/photos/216192214,45.47999999999999,-73.77,7
323171066,Asclepias syriaca,0,https://www.inaturalist.org/photos/323171066,45.56,-73.53,9
149268375,Asclepias syriaca,0,https://www.inaturalist.org/photos/149268375,45.47999999999999,-73.77,8
219122996,Asclepias syriaca,0,https://www.inaturalist.org/photos/219122996,46.00999999999999,-73.13,8
161705789,Asclepias syriaca,0,https://www.inaturalist.org/photos/161705789,45.49000000000001,-73.56,10
149263111,Asclepias syriaca,0,https://www.inaturalist.org/photos/149263111,45.47999999999999,-73.77,8
308420456,Asclepias syriaca,0,https://www.inaturalist.org/photos/308420456,45.47,-73.57,6
21908965,Hypericum ascyron,0,https://www.inaturalist.org/photos/21908965,45.889999999999986,-72.49,7
216946823,Asclepias syriaca,0,https://www.inaturalist.org/photos/216946823,45.56999999999999,-73.59,7
350384703,Asclepias incarnata incarnata,0,https://www.inaturalist.org/photos/350384703,45.44999999999999,-73.27,9
295395137,Asclepias syriaca,0,https://www.inaturalist.org/photos/295395137,45.97,-73.75,6
155636065,Asclepias syriaca,0,https://www.inaturalist.org/photos/155636065,45.52000000000001,-73.52,9
392931858,Asclepias syriaca,0,https://www.inaturalist.org/photos/392931858,45.55000000000001,-73.54,6
52829176,Asclepias syriaca,0,https://www.inaturalist.org/photos/52829176,45.389999999999986,-74.11,9
348258336,Asclepias syriaca,0,https://www.inaturalist.org/photos/348258336,45.47,-73.93,1
149266797,Asclepias syriaca,0,https://www.inaturalist.org/photos/149266797,45.47999999999999,-73.77,8
210902387,Asclepias syriaca,0,https://www.inaturalist.org/photos/210902387,45.94999999999999,-73.36,7
312902092,Asclepias syriaca,0,https://www.inaturalist.org/photos/312902092,45.52000000000001,-73.67,8
89336724,Asclepias syriaca,0,https://www.inaturalist.org/photos/89336724,45.620000000000005,-73.46,8
295395111,Asclepias syriaca,0,https://www.inaturalist.org/photos/295395111,45.97,-73.75,6
149277226,Asclepias syriaca,0,https://www.inaturalist.org/photos/149277226,45.47,-73.77,8
252740297,Asclepias syriaca,0,https://www.inaturalist.org/photos/252740297,45.56999999999999,-73.61,9
209059189,Asclepias syriaca,0,https://www.inaturalist.org/photos/209059189,45.96000000000001,-74.44,6
399108858,Halysidota tessellaris,0,https://www.inaturalist.org/photos/399108858,45.99000000000001,-73.32,6
84964959,Asclepias syriaca,0,https://www.inaturalist.org/photos/84964959,45.53,-73.5,7
407249105,Hypericum fraseri,0,https://www.inaturalist.org/photos/407249105,46.33000000000001,-74.48,7
149266557,Asclepias syriaca,0,https://www.inaturalist.org/photos/149266557,45.47999999999999,-73.77,8
149266615,Asclepias syriaca,0,https://www.inaturalist.org/photos/149266615,45.47999999999999,-73.77,8
149280320,Asclepias syriaca,0,https://www.inaturalist.org/photos/149280320,45.47999999999999,-73.78,8
158411493,Asclepias syriaca,0,https://www.inaturalist.org/photos/158411493,45.389999999999986,-73.75,9
224806937,Asclepias syriaca,0,https://www.inaturalist.org/photos/224806937,45.53999999999999,-73.61,8
175684047,Asclepias syriaca,0,https://www.inaturalist.org/photos/175684047,45.599999999999994,-73.68,9
216946906,Asclepias syriaca,0,https://www.inaturalist.org/photos/216946906,45.56999999999999,-73.59,7
149263145,Asclepias syriaca,0,https://www.inaturalist.org/photos/149263145,45.47999999999999,-73.77,8
316146845,Lygaeus kalmii,0,https://www.inaturalist.org/photos/316146845,45.75,-74.05,9
311553965,Asclepias syriaca,0,https://www.inaturalist.org/photos/311553965,45.49000000000001,-73.59,8
148137444,Asclepias syriaca,0,https://www.inaturalist.org/photos/148137444,45.72999999999999,-74.29,8
82001302,,0,https://www.inaturalist.org/photos/82001302,45.47,-73.69,7
320400129,Asclepias syriaca,0,https://www.inaturalist.org/photos/320400129,45.43000000000001,-73.49,9
405359347,Asclepias syriaca,0,https://www.inaturalist.org/photos/405359347,45.629999999999995,-73.5,7
412783309,Asclepias syriaca,0,https://www.inaturalist.org/photos/412783309,45.44999999999999,-73.85,7
92375741,Asclepias syriaca,0,https://www.inaturalist.org/photos/92375741,45.49000000000001,-73.41,8
205992187,Asclepias syriaca,0,https://www.inaturalist.org/photos/205992187,45.53999999999999,-73.64,6
415973013,Asclepias syriaca,0,https://www.inaturalist.org/photos/415973013,45.81999999999999,-73.77,8
221308239,Asclepias syriaca,0,https://www.inaturalist.org/photos/221308239,45.59,-73.57,8
292374650,Asclepias syriaca,0,https://www.inaturalist.org/photos/292374650,45.53999999999999,-73.47,6
168970366,Asclepias syriaca,0,https://www.inaturalist.org/photos/168970366,45.389999999999986,-73.75,9
92375814,Asclepias syriaca,0,https://www.inaturalist.org/photos/92375814,45.49000000000001,-73.41,8
146837444,Asclepias syriaca,0,https://www.inaturalist.org/photos/146837444,45.5,-73.45,7
307113678,Asclepias syriaca,0,https://www.inaturalist.org/photos/307113678,45.53999999999999,-73.67,8
218966932,Asclepias syriaca,0,https://www.inaturalist.org/photos/218966932,45.52000000000001,-73.12,7
415122366,Asclepias syriaca,0,https://www.inaturalist.org/photos/415122366,45.47,-73.77,8
147841428,Asclepias syriaca,0,https://www.inaturalist.org/photos/147841428,45.47999999999999,-73.57,8
223368596,Asclepias syriaca,0,https://www.inaturalist.org/photos/223368596,45.5,-73.58,8
317711722,Asclepias syriaca,0,https://www.inaturalist.org/photos/317711722,45.56999999999999,-73.54,9
207415911,Asclepias syriaca,0,https://www.inaturalist.org/photos/207415911,45.72,-73.49,6
406128534,Asclepias syriaca,0,https://www.inaturalist.org/photos/406128534,45.599999999999994,-73.55,6
131128824,,0,https://www.inaturalist.org/photos/131128824,45.75,-73.81,5
149267953,Asclepias syriaca,0,https://www.inaturalist.org/photos/149267953,45.47999999999999,-73.77,8
417056448,Asclepias syriaca,0,https://www.inaturalist.org/photos/417056448,45.55000000000001,-73.6,8
421687405,Asclepias syriaca,0,https://www.inaturalist.org/photos/421687405,45.50999999999999,-73.61,8
407399628,Asclepias syriaca,0,https://www.inaturalist.org/photos/407399628,45.96000000000001,-73.75,7
301173313,Asclepias syriaca,0,https://www.inaturalist.org/photos/301173313,45.56,-73.53,7
149266988,Asclepias syriaca,0,https://www.inaturalist.org/photos/149266988,45.47999999999999,-73.77,8
149268875,Asclepias syriaca,0,https://www.inaturalist.org/photos/149268875,45.47999999999999,-73.77,8
94451854,Asclepias syriaca,0,https://www.inaturalist.org/photos/94451854,45.66999999999999,-73.51,9
51997129,Asclepias syriaca,0,https://www.inaturalist.org/photos/51997129,45.120000000000005,-74.11,9
184959207,Asclepias syriaca,0,https://www.inaturalist.org/photos/184959207,45.68000000000001,-73.51,3
409944509,Asclepias syriaca,0,https://www.inaturalist.org/photos/409944509,45.46000000000001,-73.54,7
416292963,Asclepias syriaca,0,https://www.inaturalist.org/photos/416292963,45.56,-73.53,8
299258856,Asclepias syriaca,0,https://www.inaturalist.org/photos/299258856,45.58000000000001,-73.57,7
379449423,Asclepias syriaca,0,https://www.inaturalist.org/photos/379449423,46.00999999999999,-74.15,2
168225027,Asclepias syriaca,0,https://www.inaturalist.org/photos/168225027,45.47999999999999,-73.38,11
149268499,Asclepias syriaca,0,https://www.inaturalist.org/photos/149268499,45.47999999999999,-73.77,8
223247017,Asclepias syriaca,0,https://www.inaturalist.org/photos/223247017,45.50999999999999,-73.59,8
149266951,Asclepias syriaca,0,https://www.inaturalist.org/photos/149266951,45.47999999999999,-73.77,8
417389760,Asclepias syriaca,0,https://www.inaturalist.org/photos/417389760,45.629999999999995,-73.5,8
150713367,,0,https://www.inaturalist.org/photos/150713367,45.46000000000001,-74.14,8
149277298,Asclepias syriaca,0,https://www.inaturalist.org/photos/149277298,45.47,-73.77,8
291074926,Asclepias syriaca,0,https://www.inaturalist.org/photos/291074926,45.53,-73.59,6
291074796,Asclepias syriaca,0,https://www.inaturalist.org/photos/291074796,45.53,-73.59,6
146658344,Asclepias syriaca,0,https://www.inaturalist.org/photos/146658344,45.639999999999986,-73.33,7
175684028,Asclepias syriaca,0,https://www.inaturalist.org/photos/175684028,45.599999999999994,-73.68,9
149267991,Asclepias syriaca,0,https://www.inaturalist.org/photos/149267991,45.47999999999999,-73.77,8
46841224,Asclepias syriaca,0,https://www.inaturalist.org/photos/46841224,45.18000000000001,-72.24,8
223104595,Asclepias syriaca,0,https://www.inaturalist.org/photos/223104595,45.639999999999986,-73.78,8
46994307,Asclepias syriaca,0,https://www.inaturalist.org/photos/46994307,45.03,-74.67,8
426398607,Asclepias syriaca,0,https://www.inaturalist.org/photos/426398607,45.53,-73.53,9
180615001,Asclepias syriaca,0,https://www.inaturalist.org/photos/180615001,45.66999999999999,-73.53,2
149268389,Asclepias syriaca,0,https://www.inaturalist.org/photos/149268389,45.47999999999999,-73.77,8
149266822,Asclepias syriaca,0,https://www.inaturalist.org/photos/149266822,45.47999999999999,-73.77,8
149269299,Asclepias syriaca,0,https://www.inaturalist.org/photos/149269299,45.47999999999999,-73.77,8
307557856,Asclepias incarnata,0,https://www.inaturalist.org/photos/307557856,45.52000000000001,-73.59,8
286456717,Asclepias syriaca,0,https://www.inaturalist.org/photos/286456717,45.639999999999986,-73.81,6
148440453,Asclepias syriaca,0,https://www.inaturalist.org/photos/148440453,45.47,-73.78,8
149276806,Asclepias syriaca,0,https://www.inaturalist.org/photos/149276806,45.47,-73.77,8
305420962,Vincetoxicum rossicum,0,https://www.inaturalist.org/photos/305420962,45.46000000000001,-73.58,7
149268473,Asclepias syriaca,0,https://www.inaturalist.org/photos/149268473,45.47999999999999,-73.77,8
424891235,,0,https://www.inaturalist.org/photos/424891235,45.52000000000001,-73.67,8
149262158,Asclepias syriaca,0,https://www.inaturalist.org/photos/149262158,45.47999999999999,-73.77,8
223104561,Asclepias syriaca,0,https://www.inaturalist.org/photos/223104561,45.639999999999986,-73.78,8
52647567,Asclepias syriaca,0,https://www.inaturalist.org/photos/52647567,45.379999999999995,-74.02,9
391691322,Asclepias syriaca,0,https://www.inaturalist.org/photos/391691322,45.55000000000001,-73.58,6
149266522,Asclepias syriaca,0,https://www.inaturalist.org/photos/149266522,45.47999999999999,-73.77,8
87271066,Asclepias syriaca,0,https://www.inaturalist.org/photos/87271066,45.47999999999999,-73.57,7
149262293,Asclepias syriaca,0,https://www.inaturalist.org/photos/149262293,45.47999999999999,-73.77,8
408123584,Asclepias syriaca,0,https://www.inaturalist.org/photos/408123584,45.53999999999999,-73.51,7
214650183,Asclepias syriaca,0,https://www.inaturalist.org/photos/214650183,45.629999999999995,-73.81,7
272561290,Asclepias syriaca,0,https://www.inaturalist.org/photos/272561290,45.47999999999999,-73.77,4
149263829,Asclepias syriaca,0,https://www.inaturalist.org/photos/149263829,45.47999999999999,-73.77,8
100773440,,0,https://www.inaturalist.org/photos/100773440,45.69999999999999,-73.5,10
148438764,Asclepias syriaca,0,https://www.inaturalist.org/photos/148438764,45.47,-73.78,8
415121919,Asclepias syriaca,0,https://www.inaturalist.org/photos/415121919,45.47,-73.77,8
380303768,Apocynum cannabinum,0,https://www.inaturalist.org/photos/380303768,45.56999999999999,-73.54,5
84964948,Asclepias syriaca,0,https://www.inaturalist.org/photos/84964948,45.53,-73.5,7
111167236,Asclepias syriaca,0,https://www.inaturalist.org/photos/111167236,45.31,-73.68,10
370789585,Asclepias syriaca,0,https://www.inaturalist.org/photos/370789585,45.50999999999999,-73.67,4
149262795,Asclepias syriaca,0,https://www.inaturalist.org/photos/149262795,45.47999999999999,-73.77,8
397096830,Asclepias syriaca,0,https://www.inaturalist.org/photos/397096830,45.620000000000005,-73.6,6
388601291,,0,https://www.inaturalist.org/photos/388601291,45.44,-72.75,5
430881129,Asclepias syriaca,0,https://www.inaturalist.org/photos/430881129,45.610000000000014,-73.46,9
413287904,Asclepias syriaca,0,https://www.inaturalist.org/photos/413287904,45.56,-73.53,7
149264885,Asclepias syriaca,0,https://www.inaturalist.org/photos/149264885,45.47999999999999,-73.77,8
391691299,Asclepias syriaca,0,https://www.inaturalist.org/photos/391691299,45.55000000000001,-73.58,6
301337759,Asclepias syriaca,0,https://www.inaturalist.org/photos/301337759,45.49000000000001,-73.56,7
240928812,Asclepias syriaca,0,https://www.inaturalist.org/photos/240928812,45.44999999999999,-73.43,10
149270179,Asclepias syriaca,0,https://www.inaturalist.org/photos/149270179,45.47999999999999,-73.77,8
148440472,Asclepias syriaca,0,https://www.inaturalist.org/photos/148440472,45.47,-73.78,8
391637921,Asclepias syriaca,0,https://www.inaturalist.org/photos/391637921,45.629999999999995,-73.81,6
416413890,Asclepias syriaca,0,https://www.inaturalist.org/photos/416413890,45.56,-73.53,8
149277916,Asclepias syriaca,0,https://www.inaturalist.org/photos/149277916,45.47,-73.77,8
429490941,Asclepias syriaca,0,https://www.inaturalist.org/photos/429490941,45.5,-73.58,9
144925957,Asclepias syriaca,0,https://www.inaturalist.org/photos/144925957,46.03,-73.09,7
225452546,Asclepias syriaca,0,https://www.inaturalist.org/photos/225452546,45.25999999999999,-72.14,7
399252913,Philaenus spumarius,0,https://www.inaturalist.org/photos/399252913,45.53999999999999,-73.34,6
90961459,Asclepias syriaca,0,https://www.inaturalist.org/photos/90961459,45.33000000000001,-72.7,8
149268042,Asclepias syriaca,0,https://www.inaturalist.org/photos/149268042,45.47999999999999,-73.77,8
395539251,Asclepias syriaca,0,https://www.inaturalist.org/photos/395539251,45.389999999999986,-72.73,6
149265399,Asclepias syriaca,0,https://www.inaturalist.org/photos/149265399,45.47999999999999,-73.77,8
326988827,Asclepias syriaca,0,https://www.inaturalist.org/photos/326988827,45.389999999999986,-72.23,10
210867239,Asclepias incarnata,0,https://www.inaturalist.org/photos/210867239,45.5,-73.59,7
291528330,Asclepias syriaca,0,https://www.inaturalist.org/photos/291528330,45.629999999999995,-73.57,6
408387174,Asclepias syriaca,0,https://www.inaturalist.org/photos/408387174,45.55000000000001,-73.47,7
149274922,Asclepias syriaca,0,https://www.inaturalist.org/photos/149274922,45.47,-73.77,8
92005631,Asclepias syriaca,0,https://www.inaturalist.org/photos/92005631,45.53,-73.26,8
149263570,Asclepias syriaca,0,https://www.inaturalist.org/photos/149263570,45.47999999999999,-73.77,8
316898027,Asclepias incarnata,0,https://www.inaturalist.org/photos/316898027,46.06999999999999,-73.16,9
287354634,Lonicera dioica,0,https://www.inaturalist.org/photos/287354634,45.69,-73.75,6
328315241,Asclepias syriaca,0,https://www.inaturalist.org/photos/328315241,45.56999999999999,-73.54,10
425657756,Asclepias syriaca,0,https://www.inaturalist.org/photos/425657756,45.56,-73.53,8
226465541,Asclepias syriaca,0,https://www.inaturalist.org/photos/226465541,45.52000000000001,-73.67,8
390960678,Asclepias syriaca,0,https://www.inaturalist.org/photos/390960678,45.56,-73.54,6
325884388,Asclepias syriaca,0,https://www.inaturalist.org/photos/325884388,45.56,-73.54,10
149268866,Asclepias syriaca,0,https://www.inaturalist.org/photos/149268866,45.47999999999999,-73.77,8
426116952,Asclepias syriaca,0,https://www.inaturalist.org/photos/426116952,45.379999999999995,-73.57,9
416413951,Asclepias syriaca,0,https://www.inaturalist.org/photos/416413951,45.56,-73.53,8
96618332,Asclepias syriaca,0,https://www.inaturalist.org/photos/96618332,45.59,-73.66,9
149264062,Asclepias syriaca,0,https://www.inaturalist.org/photos/149264062,45.47999999999999,-73.77,8
311027038,Asclepias syriaca,0,https://www.inaturalist.org/photos/311027038,45.56999999999999,-74.38,7
48954360,Gomphocarpus physocarpus,0,https://www.inaturalist.org/photos/48954360,45.53999999999999,-73.62,8
295126314,Asclepias syriaca,0,https://www.inaturalist.org/photos/295126314,45.66,-73.53,6
146918547,Asclepias syriaca,0,https://www.inaturalist.org/photos/146918547,45.389999999999986,-73.76,7
145710911,Asclepias syriaca,0,https://www.inaturalist.org/photos/145710911,45.389999999999986,-73.76,7
411567928,Asclepias syriaca,0,https://www.inaturalist.org/photos/411567928,45.66999999999999,-73.52,7
205851190,Asclepias syriaca,0,https://www.inaturalist.org/photos/205851190,45.50999999999999,-73.48,6
311685922,Asclepias syriaca,0,https://www.inaturalist.org/photos/311685922,45.47,-74.05,8
411543168,Vincetoxicum rossicum,0,https://www.inaturalist.org/photos/411543168,45.44999999999999,-73.26,7
316916078,Cirsium vulgare,0,https://www.inaturalist.org/photos/316916078,45.52000000000001,-73.9,9
391648107,Asclepias syriaca,0,https://www.inaturalist.org/photos/391648107,45.56,-73.54,6
239492728,Asclepias syriaca,0,https://www.inaturalist.org/photos/239492728,45.599999999999994,-73.55,10
239492728,Asclepias syriaca,0,https://www.inaturalist.org/photos/239492728,45.599999999999994,-73.55,10
304630591,Asclepias syriaca,0,https://www.inaturalist.org/photos/304630591,45.28,-74.16,7
149279247,Asclepias syriaca,0,https://www.inaturalist.org/photos/149279247,45.47,-73.78,8
229147272,Asclepias syriaca,0,https://www.inaturalist.org/photos/229147272,45.47,-72.32,9
407342661,Aphis nerii,0,https://www.inaturalist.org/photos/407342661,45.49000000000001,-73.58,7
156355499,Asclepias syriaca,0,https://www.inaturalist.org/photos/156355499,45.52000000000001,-73.27,9
275440636,,0,https://www.inaturalist.org/photos/275440636,45.52000000000001,-73.67,5
221563702,Asclepias syriaca,0,https://www.inaturalist.org/photos/221563702,45.41999999999999,-73.97,8
363787868,Iris versicolor,0,https://www.inaturalist.org/photos/363787868,45.44999999999999,-73.26,9
148442698,Asclepias syriaca,0,https://www.inaturalist.org/photos/148442698,45.47,-73.78,8
162657663,Asclepias syriaca,0,https://www.inaturalist.org/photos/162657663,45.55000000000001,-73.73,10
233222250,,0,https://www.inaturalist.org/photos/233222250,45.47,-73.56,9
422338318,Asclepias syriaca,0,https://www.inaturalist.org/photos/422338318,45.47,-73.63,8
205287711,Asclepias syriaca,0,https://www.inaturalist.org/photos/205287711,45.46000000000001,-73.92,6
149270536,Asclepias syriaca,0,https://www.inaturalist.org/photos/149270536,45.47999999999999,-73.77,8
414585697,Asclepias syriaca,0,https://www.inaturalist.org/photos/414585697,45.56,-73.53,8
328315249,Asclepias syriaca,0,https://www.inaturalist.org/photos/328315249,45.56999999999999,-73.54,10
405871250,Apocynum cannabinum,0,https://www.inaturalist.org/photos/405871250,46.06999999999999,-73.17,6
422271042,Asclepias syriaca,0,https://www.inaturalist.org/photos/422271042,45.47999999999999,-73.77,8
228100323,Asclepias syriaca,0,https://www.inaturalist.org/photos/228100323,46.25999999999999,-72.81,8
284601262,Asclepias syriaca,0,https://www.inaturalist.org/photos/284601262,45.620000000000005,-73.81,5
204156123,Asclepias syriaca,0,https://www.inaturalist.org/photos/204156123,45.53999999999999,-73.55,6
320400118,Asclepias syriaca,0,https://www.inaturalist.org/photos/320400118,45.43000000000001,-73.49,9
326660213,Asclepias syriaca,0,https://www.inaturalist.org/photos/326660213,45.52000000000001,-73.67,10
326660162,Asclepias syriaca,0,https://www.inaturalist.org/photos/326660162,45.52000000000001,-73.67,10
149266996,Asclepias syriaca,0,https://www.inaturalist.org/photos/149266996,45.47999999999999,-73.77,8
392114250,Populus deltoides,0,https://www.inaturalist.org/photos/392114250,45.66,-73.49,6
232701253,Asclepias syriaca,0,https://www.inaturalist.org/photos/232701253,45.53999999999999,-73.56,9
149268551,Asclepias syriaca,0,https://www.inaturalist.org/photos/149268551,45.47999999999999,-73.77,8
398832953,Asclepias syriaca,0,https://www.inaturalist.org/photos/398832953,45.47,-73.61,6
96338957,Asclepias syriaca,0,https://www.inaturalist.org/photos/96338957,45.50999999999999,-73.58,9
148441774,Asclepias syriaca,0,https://www.inaturalist.org/photos/148441774,45.47,-73.78,8
148438827,Asclepias syriaca,0,https://www.inaturalist.org/photos/148438827,45.47,-73.78,8
149276942,Asclepias syriaca,0,https://www.inaturalist.org/photos/149276942,45.47,-73.77,8
419672548,Asclepias syriaca,0,https://www.inaturalist.org/photos/419672548,45.43000000000001,-73.83,8
412714839,Asclepias syriaca,0,https://www.inaturalist.org/photos/412714839,45.47999999999999,-73.75,7
51761139,Asclepias syriaca,0,https://www.inaturalist.org/photos/51761139,45.28,-72.97,9
149268963,Asclepias syriaca,0,https://www.inaturalist.org/photos/149268963,45.47999999999999,-73.77,8
229258109,Oncopeltus fasciatus,0,https://www.inaturalist.org/photos/229258109,45.49000000000001,-73.59,9
156541335,Asclepias syriaca,0,https://www.inaturalist.org/photos/156541335,45.49000000000001,-73.5,9
433063084,Asclepias tuberosa,0,https://www.inaturalist.org/photos/433063084,45.52000000000001,-73.67,9
149276649,Asclepias syriaca,0,https://www.inaturalist.org/photos/149276649,45.47,-73.77,8
218676119,Aphis nerii,0,https://www.inaturalist.org/photos/218676119,45.59,-73.53,7
395469885,Asclepias syriaca,0,https://www.inaturalist.org/photos/395469885,45.56999999999999,-73.54,6
390960329,Asclepias syriaca,0,https://www.inaturalist.org/photos/390960329,45.55000000000001,-73.54,6
140953125,Asclepias syriaca,0,https://www.inaturalist.org/photos/140953125,45.47,-73.78,6
149268567,Asclepias syriaca,0,https://www.inaturalist.org/photos/149268567,45.47999999999999,-73.77,8
316748095,Asclepias syriaca,0,https://www.inaturalist.org/photos/316748095,45.69999999999999,-73.51,9
241948336,Asclepias syriaca,0,https://www.inaturalist.org/photos/241948336,45.94,-74.31,11
296265473,,0,https://www.inaturalist.org/photos/296265473,45.620000000000005,-74.14,7
103763396,Asclepias syriaca,0,https://www.inaturalist.org/photos/103763396,45.52000000000001,-73.57,9
149267004,Asclepias syriaca,0,https://www.inaturalist.org/photos/149267004,45.47999999999999,-73.77,8
415325448,Asclepias syriaca,0,https://www.inaturalist.org/photos/415325448,45.71000000000001,-73.49,8
149265176,Asclepias syriaca,0,https://www.inaturalist.org/photos/149265176,45.47999999999999,-73.77,8
208745712,Asclepias syriaca,0,https://www.inaturalist.org/photos/208745712,45.629999999999995,-73.81,6
209944307,Asclepias syriaca,0,https://www.inaturalist.org/photos/209944307,45.41,-72.69,6
304808568,,0,https://www.inaturalist.org/photos/304808568,45.75,-74.05,7
149268400,Asclepias syriaca,0,https://www.inaturalist.org/photos/149268400,45.47999999999999,-73.77,8
315849213,Asclepias incarnata,0,https://www.inaturalist.org/photos/315849213,45.49000000000001,-73.81,9
174186307,Asclepias syriaca,0,https://www.inaturalist.org/photos/174186307,45.53999999999999,-73.62,12
286457078,Asclepias syriaca,0,https://www.inaturalist.org/photos/286457078,45.639999999999986,-73.81,6
234866222,Asclepias syriaca,0,https://www.inaturalist.org/photos/234866222,46.22,-74.57,9
155231522,Asclepias syriaca,0,https://www.inaturalist.org/photos/155231522,45.55000000000001,-73.47,9
211221190,Asclepias syriaca,0,https://www.inaturalist.org/photos/211221190,45.44,-73.89,7
306921092,Iris pseudacorus,0,https://www.inaturalist.org/photos/306921092,45.629999999999995,-73.61,8
431700684,Asclepias syriaca,0,https://www.inaturalist.org/photos/431700684,45.47,-73.57,9
428960954,Asclepias syriaca,0,https://www.inaturalist.org/photos/428960954,45.52000000000001,-73.67,9
149278081,Asclepias syriaca,0,https://www.inaturalist.org/photos/149278081,45.47,-73.77,8
223019389,Asclepias syriaca,0,https://www.inaturalist.org/photos/223019389,45.47999999999999,-73.76,8
251382984,Asclepias syriaca,0,https://www.inaturalist.org/photos/251382984,45.5,-73.57,10
96294380,Phalangium opilio,0,https://www.inaturalist.org/photos/96294380,45.69999999999999,-73.5,9
409294059,Asclepias syriaca,0,https://www.inaturalist.org/photos/409294059,45.349999999999994,-73.74,7
47058907,Asclepias syriaca,0,https://www.inaturalist.org/photos/47058907,45.53999999999999,-73.62,8
217637601,Asclepias syriaca,0,https://www.inaturalist.org/photos/217637601,45.53,-73.57,7
51743275,Asclepias tuberosa,0,https://www.inaturalist.org/photos/51743275,45.41,-73.93,9
286361370,Asclepias syriaca,0,https://www.inaturalist.org/photos/286361370,45.629999999999995,-73.81,6
398293415,Asclepias syriaca,0,https://www.inaturalist.org/photos/398293415,45.28,-72.18,6
441374164,Asclepias syriaca,0,https://www.inaturalist.org/photos/441374164,45.53,-73.56,7
149268364,Asclepias syriaca,0,https://www.inaturalist.org/photos/149268364,45.47999999999999,-73.77,8
138568880,Apis mellifera,0,https://www.inaturalist.org/photos/138568880,45.69999999999999,-73.49,6
347593174,Lysimachia ciliata,0,https://www.inaturalist.org/photos/347593174,45.55000000000001,-74.42,8
294186375,Asclepias syriaca,0,https://www.inaturalist.org/photos/294186375,45.620000000000005,-73.44,6
294186516,Asclepias syriaca,0,https://www.inaturalist.org/photos/294186516,45.620000000000005,-73.44,6
284728994,Asclepias syriaca,0,https://www.inaturalist.org/photos/284728994,45.629999999999995,-73.8,5
170170100,Asclepias syriaca,0,https://www.inaturalist.org/photos/170170100,45.53999999999999,-73.51,9
297071591,Asclepias syriaca,0,https://www.inaturalist.org/photos/297071591,45.53999999999999,-73.56,7
216189009,Asclepias syriaca,0,https://www.inaturalist.org/photos/216189009,45.47999999999999,-73.77,7
149278775,Asclepias syriaca,0,https://www.inaturalist.org/photos/149278775,45.47,-73.78,8
218969231,Asclepias syriaca,0,https://www.inaturalist.org/photos/218969231,45.58000000000001,-73.6,7
209019165,Asclepias syriaca,0,https://www.inaturalist.org/photos/209019165,45.69999999999999,-73.48,6
435822978,Asclepias syriaca,0,https://www.inaturalist.org/photos/435822978,45.5,-73.58,9
148438822,Asclepias syriaca,0,https://www.inaturalist.org/photos/148438822,45.47,-73.78,8
306284395,Asclepias syriaca,0,https://www.inaturalist.org/photos/306284395,45.400000000000006,-71.87,8
149276588,Asclepias syriaca,0,https://www.inaturalist.org/photos/149276588,45.47,-73.77,8
294186338,Asclepias syriaca,0,https://www.inaturalist.org/photos/294186338,45.620000000000005,-73.44,6
294186549,Asclepias syriaca,0,https://www.inaturalist.org/photos/294186549,45.620000000000005,-73.44,6
89185066,Asclepias syriaca,0,https://www.inaturalist.org/photos/89185066,45.97999999999999,-74.11,8
241832771,,0,https://www.inaturalist.org/photos/241832771,45.53,-73.5,11
147294530,Asclepias syriaca,0,https://www.inaturalist.org/photos/147294530,45.78,-73.68,7
210809696,Asclepias syriaca,0,https://www.inaturalist.org/photos/210809696,46.06999999999999,-74.31,7
415737921,Asclepias syriaca,0,https://www.inaturalist.org/photos/415737921,45.47,-73.77,8
149271342,Asclepias syriaca,0,https://www.inaturalist.org/photos/149271342,45.47999999999999,-73.77,8
412714319,Asclepias syriaca,0,https://www.inaturalist.org/photos/412714319,45.47999999999999,-73.76,7
390960355,Asclepias syriaca,0,https://www.inaturalist.org/photos/390960355,45.55000000000001,-73.54,6
229825014,Asclepias syriaca,0,https://www.inaturalist.org/photos/229825014,45.49000000000001,-73.63,8
93330165,Lygaeus kalmii,0,https://www.inaturalist.org/photos/93330165,45.69,-73.49,9
362744183,Asclepias syriaca,0,https://www.inaturalist.org/photos/362744183,45.44999999999999,-73.27,9
148440490,Asclepias syriaca,0,https://www.inaturalist.org/photos/148440490,45.47,-73.78,8
243353295,Asclepias syriaca,0,https://www.inaturalist.org/photos/243353295,45.56,-73.53,7
149276962,Asclepias syriaca,0,https://www.inaturalist.org/photos/149276962,45.47,-73.77,8
219788863,Asclepias incarnata,0,https://www.inaturalist.org/photos/219788863,45.5,-73.57,8
390959940,Asclepias syriaca,0,https://www.inaturalist.org/photos/390959940,45.55000000000001,-73.54,6
242415219,Asclepias syriaca,0,https://www.inaturalist.org/photos/242415219,45.629999999999995,-73.81,11
51865045,Asclepias syriaca,0,https://www.inaturalist.org/photos/51865045,45.43000000000001,-73.94,9
168964107,Asclepias syriaca,0,https://www.inaturalist.org/photos/168964107,45.66999999999999,-73.52,6
401391613,Asclepias syriaca,0,https://www.inaturalist.org/photos/401391613,45.66999999999999,-72.14,6
326704723,,0,https://www.inaturalist.org/photos/326704723,45.41999999999999,-72.69,7
439026036,Asclepias syriaca,0,https://www.inaturalist.org/photos/439026036,45.620000000000005,-73.55,10
149278064,Asclepias syriaca,0,https://www.inaturalist.org/photos/149278064,45.47,-73.77,8
394219603,Asclepias syriaca,0,https://www.inaturalist.org/photos/394219603,45.34,-72.8,6
441374185,Asclepias syriaca,0,https://www.inaturalist.org/photos/441374185,45.53,-73.56,7
312946126,Asclepias syriaca,0,https://www.inaturalist.org/photos/312946126,45.52000000000001,-73.67,8
321600258,Asclepias syriaca,0,https://www.inaturalist.org/photos/321600258,45.53999999999999,-73.15,9
394626909,Asclepias syriaca,0,https://www.inaturalist.org/photos/394626909,45.59,-73.57,6
164012495,Asclepias incarnata,0,https://www.inaturalist.org/photos/164012495,46.30000000000001,-72.59,10
436272748,Asclepias syriaca,0,https://www.inaturalist.org/photos/436272748,45.41999999999999,-73.61,9
130146409,Cypripedium acaule,0,https://www.inaturalist.org/photos/130146409,45.69,-73.83,5
407249131,Hypericum fraseri,0,https://www.inaturalist.org/photos/407249131,46.33000000000001,-74.48,7
148441678,Asclepias syriaca,0,https://www.inaturalist.org/photos/148441678,45.47,-73.78,8
281760524,Asclepias syriaca,0,https://www.inaturalist.org/photos/281760524,45.5,-73.59,5
389277432,Apocynum cannabinum,0,https://www.inaturalist.org/photos/389277432,45.68000000000001,-73.7,6
97445546,Asclepias syriaca,0,https://www.inaturalist.org/photos/97445546,45.650000000000006,-73.45,7
83640768,Chalybion californicum,0,https://www.inaturalist.org/photos/83640768,45.620000000000005,-73.55,7
425267680,Asclepias syriaca,0,https://www.inaturalist.org/photos/425267680,45.56,-73.53,8
228955241,Eurosta solidaginis,0,https://www.inaturalist.org/photos/228955241,45.69999999999999,-73.48,9
228955202,Solidago altissima,0,https://www.inaturalist.org/photos/228955202,45.69999999999999,-73.48,9
222907387,Vincetoxicum rossicum,0,https://www.inaturalist.org/photos/222907387,45.5,-73.59,8
307589573,Aphis nerii,0,https://www.inaturalist.org/photos/307589573,45.53,-73.61,8
149279994,Asclepias syriaca,0,https://www.inaturalist.org/photos/149279994,45.47999999999999,-73.78,8
149263870,Asclepias syriaca,0,https://www.inaturalist.org/photos/149263870,45.47999999999999,-73.77,8
87271076,Asclepias syriaca,0,https://www.inaturalist.org/photos/87271076,45.47999999999999,-73.57,7
351302922,Asclepias syriaca,0,https://www.inaturalist.org/photos/351302922,45.44999999999999,-73.27,5
92739823,,0,https://www.inaturalist.org/photos/92739823,45.69,-73.49,8
401151542,Asclepias syriaca,0,https://www.inaturalist.org/photos/401151542,45.389999999999986,-73.76,6
148440265,Asclepias syriaca,0,https://www.inaturalist.org/photos/148440265,45.47,-73.78,8
316898033,Asclepias incarnata,0,https://www.inaturalist.org/photos/316898033,46.06999999999999,-73.16,9
313198327,,0,https://www.inaturalist.org/photos/313198327,45.46000000000001,-73.64,8
400102261,Apocynum cannabinum,0,https://www.inaturalist.org/photos/400102261,46.400000000000006,-72.34,6
396243455,Asclepias syriaca,0,https://www.inaturalist.org/photos/396243455,45.620000000000005,-73.46,6
226948388,Asclepias syriaca,0,https://www.inaturalist.org/photos/226948388,45.47,-73.42,9
102923711,Asclepias syriaca,0,https://www.inaturalist.org/photos/102923711,45.52000000000001,-73.57,9
183411127,Asclepias syriaca,0,https://www.inaturalist.org/photos/183411127,45.610000000000014,-73.41,3
426534002,Asclepias syriaca,0,https://www.inaturalist.org/photos/426534002,45.69,-73.5,8
222907488,Asclepias syriaca,0,https://www.inaturalist.org/photos/222907488,45.5,-73.59,8
413134471,Aphis nerii,0,https://www.inaturalist.org/photos/413134471,45.53,-73.61,7
135387261,Asclepias syriaca,0,https://www.inaturalist.org/photos/135387261,45.53999999999999,-73.63,6
223296575,Asclepias syriaca,0,https://www.inaturalist.org/photos/223296575,45.52000000000001,-73.57,8
245701507,Asclepias incarnata,0,https://www.inaturalist.org/photos/245701507,45.610000000000014,-73.81,9
149270262,Asclepias syriaca,0,https://www.inaturalist.org/photos/149270262,45.47999999999999,-73.77,8
149268178,Asclepias syriaca,0,https://www.inaturalist.org/photos/149268178,45.47999999999999,-73.77,8
170803062,Asclepias syriaca,0,https://www.inaturalist.org/photos/170803062,45.31,-72.65,11
435827860,Asclepias syriaca,0,https://www.inaturalist.org/photos/435827860,45.5,-73.58,9
73498300,Asclepias syriaca,0,https://www.inaturalist.org/photos/73498300,45.44,-73.58,5
85698243,Asclepias syriaca,0,https://www.inaturalist.org/photos/85698243,45.47999999999999,-73.61,6
226465495,Asclepias syriaca,0,https://www.inaturalist.org/photos/226465495,45.52000000000001,-73.67,8
395033866,Asclepias syriaca,0,https://www.inaturalist.org/photos/395033866,45.55000000000001,-73.46,6
207387888,Asclepias syriaca,0,https://www.inaturalist.org/photos/207387888,45.50999999999999,-73.46,6
99660284,Asclepias syriaca,0,https://www.inaturalist.org/photos/99660284,45.5,-73.55,6
218668544,Asclepias syriaca,0,https://www.inaturalist.org/photos/218668544,45.400000000000006,-73.76,7
409823387,Asclepias syriaca,0,https://www.inaturalist.org/photos/409823387,45.59,-73.62,7
254246820,Echinocystis lobata,0,https://www.inaturalist.org/photos/254246820,45.44999999999999,-73.26,11
149270077,Asclepias syriaca,0,https://www.inaturalist.org/photos/149270077,45.47999999999999,-73.77,8
307737113,Asclepias syriaca,0,https://www.inaturalist.org/photos/307737113,45.47,-73.63,8
345442458,Asclepias syriaca,0,https://www.inaturalist.org/photos/345442458,45.44999999999999,-73.57,6
411035515,Asclepias syriaca,0,https://www.inaturalist.org/photos/411035515,45.44999999999999,-73.57,7
238887356,Asclepias syriaca,0,https://www.inaturalist.org/photos/238887356,45.49000000000001,-73.59,10
210040118,Asclepias syriaca,0,https://www.inaturalist.org/photos/210040118,46.110000000000014,-74.58,6
138440981,Asclepias syriaca,0,https://www.inaturalist.org/photos/138440981,45.43000000000001,-71.91,6
223711476,Asclepias syriaca,0,https://www.inaturalist.org/photos/223711476,45.47999999999999,-73.76,8
143061142,Danaus plexippus,0,https://www.inaturalist.org/photos/143061142,45.47,-73.78,7
149265808,Asclepias syriaca,0,https://www.inaturalist.org/photos/149265808,45.47999999999999,-73.77,8
222265302,Asclepias syriaca,0,https://www.inaturalist.org/photos/222265302,45.19999999999999,-71.93,8
415517095,Asclepias syriaca,0,https://www.inaturalist.org/photos/415517095,45.47,-73.57,8
333263435,Asclepias syriaca,0,https://www.inaturalist.org/photos/333263435,45.43000000000001,-73.68,11
149267998,Asclepias syriaca,0,https://www.inaturalist.org/photos/149267998,45.47999999999999,-73.77,8
149270543,Asclepias syriaca,0,https://www.inaturalist.org/photos/149270543,45.47999999999999,-73.77,8
286362393,Asclepias syriaca,0,https://www.inaturalist.org/photos/286362393,45.629999999999995,-73.81,6
149274968,Asclepias syriaca,0,https://www.inaturalist.org/photos/149274968,45.47,-73.77,8
131424726,,0,https://www.inaturalist.org/photos/131424726,45.379999999999995,-71.87,5
241634670,Asclepias syriaca,0,https://www.inaturalist.org/photos/241634670,45.56,-73.54,11
204156095,Asclepias syriaca,0,https://www.inaturalist.org/photos/204156095,45.53999999999999,-73.55,6
165189241,Asclepias syriaca,0,https://www.inaturalist.org/photos/165189241,46.400000000000006,-72.66,10
397070238,Asclepias syriaca,0,https://www.inaturalist.org/photos/397070238,45.389999999999986,-72.74,6
15083994,Asclepias syriaca,0,https://www.inaturalist.org/photos/15083994,45.53999999999999,-73.37,4
148442826,Asclepias syriaca,0,https://www.inaturalist.org/photos/148442826,45.47,-73.78,8
409989662,Aphis nerii,0,https://www.inaturalist.org/photos/409989662,45.59,-73.62,7
393170139,Asclepias syriaca,0,https://www.inaturalist.org/photos/393170139,45.43000000000001,-72.62,6
286453425,Asclepias syriaca,0,https://www.inaturalist.org/photos/286453425,45.629999999999995,-73.81,6
158409559,Asclepias syriaca,0,https://www.inaturalist.org/photos/158409559,45.389999999999986,-73.75,9
286463181,Asclepias syriaca,0,https://www.inaturalist.org/photos/286463181,45.639999999999986,-73.81,6
87193455,Asclepias syriaca,0,https://www.inaturalist.org/photos/87193455,45.43000000000001,-73.7,7
373894504,Asclepias syriaca,0,https://www.inaturalist.org/photos/373894504,45.400000000000006,-73.76,4
300221973,Asclepias syriaca,0,https://www.inaturalist.org/photos/300221973,45.53999999999999,-73.63,7
143977595,,0,https://www.inaturalist.org/photos/143977595,45.49000000000001,-73.5,7
135766539,Asclepias syriaca,0,https://www.inaturalist.org/photos/135766539,45.43000000000001,-73.28,6
342348604,Salix bebbiana,0,https://www.inaturalist.org/photos/342348604,45.09,-74.53,6
149276978,Asclepias syriaca,0,https://www.inaturalist.org/photos/149276978,45.47,-73.77,8
225452418,Asclepias syriaca,0,https://www.inaturalist.org/photos/225452418,45.25999999999999,-72.14,7